2022-12-27T00:20:18.429+10:00  INFO 28366 --- [cluster-ClusterId{value='63a9a7bcac4a195ca4dcc4f2', description='null'}-ac-qdoa5md-shard-00-00.0nqvgu2.mongodb.net:27017] org.mongodb.driver.cluster               : Exception in monitor thread while connecting to server ac-qdoa5md-shard-00-00.0nqvgu2.mongodb.net:27017

com.mongodb.MongoSocketReadTimeoutException: Timeout while receiving message
	at com.mongodb.internal.connection.InternalStreamConnection.translateReadException(InternalStreamConnection.java:699) ~[mongodb-driver-core-4.8.0.jar:na]
	at com.mongodb.internal.connection.InternalStreamConnection.receiveMessageWithAdditionalTimeout(InternalStreamConnection.java:577) ~[mongodb-driver-core-4.8.0.jar:na]
	at com.mongodb.internal.connection.InternalStreamConnection.receiveCommandMessageResponse(InternalStreamConnection.java:413) ~[mongodb-driver-core-4.8.0.jar:na]
	at com.mongodb.internal.connection.InternalStreamConnection.receive(InternalStreamConnection.java:372) ~[mongodb-driver-core-4.8.0.jar:na]
	at com.mongodb.internal.connection.DefaultServerMonitor$ServerMonitorRunnable.lookupServerDescription(DefaultServerMonitor.java:221) ~[mongodb-driver-core-4.8.0.jar:na]
	at com.mongodb.internal.connection.DefaultServerMonitor$ServerMonitorRunnable.run(DefaultServerMonitor.java:157) ~[mongodb-driver-core-4.8.0.jar:na]
	at java.base/java.lang.Thread.run(Thread.java:833) ~[na:na]
Caused by: java.net.SocketTimeoutException: Read timed out
	at java.base/sun.nio.ch.NioSocketImpl.timedRead(NioSocketImpl.java:283) ~[na:na]
	at java.base/sun.nio.ch.NioSocketImpl.implRead(NioSocketImpl.java:309) ~[na:na]
	at java.base/sun.nio.ch.NioSocketImpl.read(NioSocketImpl.java:350) ~[na:na]
	at java.base/sun.nio.ch.NioSocketImpl$1.read(NioSocketImpl.java:803) ~[na:na]
	at java.base/java.net.Socket$SocketInputStream.read(Socket.java:976) ~[na:na]
	at java.base/sun.security.ssl.SSLSocketInputRecord.read(SSLSocketInputRecord.java:478) ~[na:na]
	at java.base/sun.security.ssl.SSLSocketInputRecord.readHeader(SSLSocketInputRecord.java:472) ~[na:na]
	at java.base/sun.security.ssl.SSLSocketInputRecord.bytesInCompletePacket(SSLSocketInputRecord.java:70) ~[na:na]
	at java.base/sun.security.ssl.SSLSocketImpl.readApplicationRecord(SSLSocketImpl.java:1460) ~[na:na]
	at java.base/sun.security.ssl.SSLSocketImpl$AppInputStream.read(SSLSocketImpl.java:1064) ~[na:na]
	at com.mongodb.internal.connection.SocketStream.read(SocketStream.java:113) ~[mongodb-driver-core-4.8.0.jar:na]
	at com.mongodb.internal.connection.SocketStream.read(SocketStream.java:138) ~[mongodb-driver-core-4.8.0.jar:na]
	at com.mongodb.internal.connection.InternalStreamConnection.receiveResponseBuffers(InternalStreamConnection.java:716) ~[mongodb-driver-core-4.8.0.jar:na]
	at com.mongodb.internal.connection.InternalStreamConnection.receiveMessageWithAdditionalTimeout(InternalStreamConnection.java:574) ~[mongodb-driver-core-4.8.0.jar:na]
	... 5 common frames omitted

2022-12-27T00:20:18.751+10:00  INFO 28366 --- [cluster-ClusterId{value='63a9a7bcac4a195ca4dcc4f2', description='null'}-ac-qdoa5md-shard-00-00.0nqvgu2.mongodb.net:27017] org.mongodb.driver.cluster               : Monitor thread successfully connected to server with description ServerDescription{address=ac-qdoa5md-shard-00-00.0nqvgu2.mongodb.net:27017, type=REPLICA_SET_SECONDARY, state=CONNECTED, ok=true, minWireVersion=0, maxWireVersion=13, maxDocumentSize=16777216, logicalSessionTimeoutMinutes=30, roundTripTimeNanos=173138625, setName='atlas-9rc71x-shard-0', canonicalAddress=ac-qdoa5md-shard-00-00.0nqvgu2.mongodb.net:27017, hosts=[ac-qdoa5md-shard-00-01.0nqvgu2.mongodb.net:27017, ac-qdoa5md-shard-00-02.0nqvgu2.mongodb.net:27017, ac-qdoa5md-shard-00-00.0nqvgu2.mongodb.net:27017], passives=[], arbiters=[], primary='ac-qdoa5md-shard-00-02.0nqvgu2.mongodb.net:27017', tagSet=TagSet{[Tag{name='nodeType', value='ELECTABLE'}, Tag{name='provider', value='AWS'}, Tag{name='region', value='AP_SOUTHEAST_2'}, Tag{name='workloadType', value='OPERATIONAL'}]}, electionId=null, setVersion=7, topologyVersion=TopologyVersion{processId=637bdc717fad65cabd5e28ae, counter=5}, lastWriteDate=Tue Dec 27 00:20:18 AEST 2022, lastUpdateTimeNanos=500943479249583}
2022-12-27T00:20:18.909+10:00  INFO 28366 --- [cluster-ClusterId{value='63a9a7bcac4a195ca4dcc4f2', description='null'}-ac-qdoa5md-shard-00-01.0nqvgu2.mongodb.net:27017] org.mongodb.driver.cluster               : Exception in monitor thread while connecting to server ac-qdoa5md-shard-00-01.0nqvgu2.mongodb.net:27017

com.mongodb.MongoSocketReadTimeoutException: Timeout while receiving message
	at com.mongodb.internal.connection.InternalStreamConnection.translateReadException(InternalStreamConnection.java:699) ~[mongodb-driver-core-4.8.0.jar:na]
	at com.mongodb.internal.connection.InternalStreamConnection.receiveMessageWithAdditionalTimeout(InternalStreamConnection.java:577) ~[mongodb-driver-core-4.8.0.jar:na]
	at com.mongodb.internal.connection.InternalStreamConnection.receiveCommandMessageResponse(InternalStreamConnection.java:413) ~[mongodb-driver-core-4.8.0.jar:na]
	at com.mongodb.internal.connection.InternalStreamConnection.receive(InternalStreamConnection.java:372) ~[mongodb-driver-core-4.8.0.jar:na]
	at com.mongodb.internal.connection.DefaultServerMonitor$ServerMonitorRunnable.lookupServerDescription(DefaultServerMonitor.java:221) ~[mongodb-driver-core-4.8.0.jar:na]
	at com.mongodb.internal.connection.DefaultServerMonitor$ServerMonitorRunnable.run(DefaultServerMonitor.java:157) ~[mongodb-driver-core-4.8.0.jar:na]
	at java.base/java.lang.Thread.run(Thread.java:833) ~[na:na]
Caused by: java.net.SocketTimeoutException: Read timed out
	at java.base/sun.nio.ch.NioSocketImpl.timedRead(NioSocketImpl.java:283) ~[na:na]
	at java.base/sun.nio.ch.NioSocketImpl.implRead(NioSocketImpl.java:309) ~[na:na]
	at java.base/sun.nio.ch.NioSocketImpl.read(NioSocketImpl.java:350) ~[na:na]
	at java.base/sun.nio.ch.NioSocketImpl$1.read(NioSocketImpl.java:803) ~[na:na]
	at java.base/java.net.Socket$SocketInputStream.read(Socket.java:976) ~[na:na]
	at java.base/sun.security.ssl.SSLSocketInputRecord.read(SSLSocketInputRecord.java:478) ~[na:na]
	at java.base/sun.security.ssl.SSLSocketInputRecord.readHeader(SSLSocketInputRecord.java:472) ~[na:na]
	at java.base/sun.security.ssl.SSLSocketInputRecord.bytesInCompletePacket(SSLSocketInputRecord.java:70) ~[na:na]
	at java.base/sun.security.ssl.SSLSocketImpl.readApplicationRecord(SSLSocketImpl.java:1460) ~[na:na]
	at java.base/sun.security.ssl.SSLSocketImpl$AppInputStream.read(SSLSocketImpl.java:1064) ~[na:na]
	at com.mongodb.internal.connection.SocketStream.read(SocketStream.java:113) ~[mongodb-driver-core-4.8.0.jar:na]
	at com.mongodb.internal.connection.SocketStream.read(SocketStream.java:138) ~[mongodb-driver-core-4.8.0.jar:na]
	at com.mongodb.internal.connection.InternalStreamConnection.receiveResponseBuffers(InternalStreamConnection.java:716) ~[mongodb-driver-core-4.8.0.jar:na]
	at com.mongodb.internal.connection.InternalStreamConnection.receiveMessageWithAdditionalTimeout(InternalStreamConnection.java:574) ~[mongodb-driver-core-4.8.0.jar:na]
	... 5 common frames omitted

2022-12-27T00:20:19.323+10:00  INFO 28366 --- [cluster-ClusterId{value='63a9a7bcac4a195ca4dcc4f2', description='null'}-ac-qdoa5md-shard-00-01.0nqvgu2.mongodb.net:27017] org.mongodb.driver.cluster               : Monitor thread successfully connected to server with description ServerDescription{address=ac-qdoa5md-shard-00-01.0nqvgu2.mongodb.net:27017, type=REPLICA_SET_SECONDARY, state=CONNECTED, ok=true, minWireVersion=0, maxWireVersion=13, maxDocumentSize=16777216, logicalSessionTimeoutMinutes=30, roundTripTimeNanos=178072625, setName='atlas-9rc71x-shard-0', canonicalAddress=ac-qdoa5md-shard-00-01.0nqvgu2.mongodb.net:27017, hosts=[ac-qdoa5md-shard-00-01.0nqvgu2.mongodb.net:27017, ac-qdoa5md-shard-00-02.0nqvgu2.mongodb.net:27017, ac-qdoa5md-shard-00-00.0nqvgu2.mongodb.net:27017], passives=[], arbiters=[], primary='ac-qdoa5md-shard-00-02.0nqvgu2.mongodb.net:27017', tagSet=TagSet{[Tag{name='nodeType', value='ELECTABLE'}, Tag{name='provider', value='AWS'}, Tag{name='region', value='AP_SOUTHEAST_2'}, Tag{name='workloadType', value='OPERATIONAL'}]}, electionId=null, setVersion=7, topologyVersion=TopologyVersion{processId=637bdf250b281ae46cfb3a13, counter=3}, lastWriteDate=Tue Dec 27 00:20:19 AEST 2022, lastUpdateTimeNanos=500944051576541}
2022-12-27T00:40:01.320+10:00  INFO 28702 --- [main] c.m.apiservice.ApiServiceApplication     : Starting ApiServiceApplication using Java 17.0.5 with PID 28702 (/Users/vishal.dogra/Documents/Projects/MicroTimeManagement/backend/api-service/target/classes started by vishal.dogra in /Users/vishal.dogra/Documents/Projects/MicroTimeManagement/backend/api-service)
2022-12-27T00:40:01.321+10:00  INFO 28702 --- [main] c.m.apiservice.ApiServiceApplication     : No active profile set, falling back to 1 default profile: "default"
2022-12-27T00:40:01.849+10:00  INFO 28702 --- [main] .s.d.r.c.RepositoryConfigurationDelegate : Bootstrapping Spring Data MongoDB repositories in DEFAULT mode.
2022-12-27T00:40:01.882+10:00  INFO 28702 --- [main] .s.d.r.c.RepositoryConfigurationDelegate : Finished Spring Data repository scanning in 30 ms. Found 4 MongoDB repository interfaces.
2022-12-27T00:40:01.990+10:00  INFO 28702 --- [main] trationDelegate$BeanPostProcessorChecker : Bean 'authorityDefaults' of type [org.springframework.security.config.core.GrantedAuthorityDefaults] is not eligible for getting processed by all BeanPostProcessors (for example: not eligible for auto-proxying)
2022-12-27T00:40:02.131+10:00  INFO 28702 --- [main] o.s.b.w.embedded.tomcat.TomcatWebServer  : Tomcat initialized with port(s): 8080 (http)
2022-12-27T00:40:02.136+10:00  INFO 28702 --- [main] o.apache.catalina.core.StandardService   : Starting service [Tomcat]
2022-12-27T00:40:02.136+10:00  INFO 28702 --- [main] o.apache.catalina.core.StandardEngine    : Starting Servlet engine: [Apache Tomcat/10.1.1]
2022-12-27T00:40:02.175+10:00  INFO 28702 --- [main] o.a.c.c.C.[Tomcat].[localhost].[/mtm]    : Initializing Spring embedded WebApplicationContext
2022-12-27T00:40:02.175+10:00  INFO 28702 --- [main] w.s.c.ServletWebServerApplicationContext : Root WebApplicationContext: initialization completed in 829 ms
2022-12-27T00:40:02.423+10:00  INFO 28702 --- [main] org.mongodb.driver.client                : MongoClient with metadata {"driver": {"name": "mongo-java-driver|sync|spring-boot", "version": "4.8.0"}, "os": {"type": "Darwin", "name": "Mac OS X", "architecture": "aarch64", "version": "13.0.1"}, "platform": "Java/Azul Systems, Inc./17.0.5+8-LTS"} created with settings MongoClientSettings{readPreference=primary, writeConcern=WriteConcern{w=majority, wTimeout=null ms, journal=null}, retryWrites=true, retryReads=true, readConcern=ReadConcern{level=null}, credential=MongoCredential{mechanism=null, userName='spring_micro_time_manager', source='admin', password=<hidden>, mechanismProperties=<hidden>}, streamFactoryFactory=null, commandListeners=[io.micrometer.core.instrument.binder.mongodb.MongoMetricsCommandListener@7ac48e10], codecRegistry=ProvidersCodecRegistry{codecProviders=[ValueCodecProvider{}, BsonValueCodecProvider{}, DBRefCodecProvider{}, DBObjectCodecProvider{}, DocumentCodecProvider{}, CollectionCodecProvider{}, IterableCodecProvider{}, MapCodecProvider{}, GeoJsonCodecProvider{}, GridFSFileCodecProvider{}, Jsr310CodecProvider{}, JsonObjectCodecProvider{}, BsonCodecProvider{}, EnumCodecProvider{}, com.mongodb.Jep395RecordCodecProvider@52354202]}, clusterSettings={hosts=[127.0.0.1:27017], srvHost=cluster-1.0nqvgu2.mongodb.net, srvServiceName=mongodb, mode=MULTIPLE, requiredClusterType=REPLICA_SET, requiredReplicaSetName='atlas-9rc71x-shard-0', serverSelector='null', clusterListeners='[]', serverSelectionTimeout='30000 ms', localThreshold='30000 ms'}, socketSettings=SocketSettings{connectTimeoutMS=10000, readTimeoutMS=0, receiveBufferSize=0, sendBufferSize=0}, heartbeatSocketSettings=SocketSettings{connectTimeoutMS=10000, readTimeoutMS=10000, receiveBufferSize=0, sendBufferSize=0}, connectionPoolSettings=ConnectionPoolSettings{maxSize=100, minSize=0, maxWaitTimeMS=120000, maxConnectionLifeTimeMS=0, maxConnectionIdleTimeMS=0, maintenanceInitialDelayMS=0, maintenanceFrequencyMS=60000, connectionPoolListeners=[io.micrometer.core.instrument.binder.mongodb.MongoMetricsConnectionPoolListener@6b1321b7], maxConnecting=2}, serverSettings=ServerSettings{heartbeatFrequencyMS=10000, minHeartbeatFrequencyMS=500, serverListeners='[]', serverMonitorListeners='[]'}, sslSettings=SslSettings{enabled=true, invalidHostNameAllowed=false, context=null}, applicationName='null', compressorList=[], uuidRepresentation=JAVA_LEGACY, serverApi=null, autoEncryptionSettings=null, contextProvider=null}
2022-12-27T00:40:02.824+10:00  INFO 28702 --- [main] o.s.b.a.e.web.EndpointLinksResolver      : Exposing 1 endpoint(s) beneath base path '/actuator'
2022-12-27T00:40:02.840+10:00  INFO 28702 --- [cluster-ClusterId{value='63a9b2425c07e955c6debf8b', description='null'}-srv-cluster-1.0nqvgu2.mongodb.net] org.mongodb.driver.cluster               : Adding discovered server ac-qdoa5md-shard-00-00.0nqvgu2.mongodb.net:27017 to client view of cluster
2022-12-27T00:40:02.855+10:00  INFO 28702 --- [cluster-ClusterId{value='63a9b2425c07e955c6debf8b', description='null'}-srv-cluster-1.0nqvgu2.mongodb.net] org.mongodb.driver.cluster               : Adding discovered server ac-qdoa5md-shard-00-02.0nqvgu2.mongodb.net:27017 to client view of cluster
2022-12-27T00:40:02.855+10:00  INFO 28702 --- [cluster-ClusterId{value='63a9b2425c07e955c6debf8b', description='null'}-srv-cluster-1.0nqvgu2.mongodb.net] org.mongodb.driver.cluster               : Adding discovered server ac-qdoa5md-shard-00-01.0nqvgu2.mongodb.net:27017 to client view of cluster
2022-12-27T00:40:03.203+10:00  INFO 28702 --- [main] o.s.s.web.DefaultSecurityFilterChain     : Will secure any request with [org.springframework.security.web.session.DisableEncodeUrlFilter@13404f75, org.springframework.security.web.context.request.async.WebAsyncManagerIntegrationFilter@6cc90398, org.springframework.security.web.context.SecurityContextHolderFilter@26495639, org.springframework.security.web.header.HeaderWriterFilter@4fd3b20a, org.springframework.web.filter.CorsFilter@6b6fd0, org.springframework.security.web.authentication.logout.LogoutFilter@f793f15, com.microtimemanagement.apiservice.filter.JwtFilter@4438b862, org.springframework.security.web.savedrequest.RequestCacheAwareFilter@369a95a5, org.springframework.security.web.servletapi.SecurityContextHolderAwareRequestFilter@75ee6f89, org.springframework.security.web.authentication.AnonymousAuthenticationFilter@3d718248, org.springframework.security.web.session.SessionManagementFilter@acd3460, org.springframework.security.web.access.ExceptionTranslationFilter@1b317e7d, org.springframework.security.web.access.intercept.AuthorizationFilter@41f7c02d]
2022-12-27T00:40:03.386+10:00  INFO 28702 --- [main] o.s.b.w.embedded.tomcat.TomcatWebServer  : Tomcat started on port(s): 8080 (http) with context path '/mtm'
2022-12-27T00:40:03.395+10:00  INFO 28702 --- [main] c.m.apiservice.ApiServiceApplication     : Started ApiServiceApplication in 2.291 seconds (process running for 2.656)
2022-12-27T00:40:03.421+10:00  INFO 28702 --- [main] org.mongodb.driver.cluster               : No server chosen by com.mongodb.client.internal.MongoClientDelegate$1@4ab90d01 from cluster description ClusterDescription{type=REPLICA_SET, connectionMode=MULTIPLE, serverDescriptions=[ServerDescription{address=ac-qdoa5md-shard-00-01.0nqvgu2.mongodb.net:27017, type=UNKNOWN, state=CONNECTING}, ServerDescription{address=ac-qdoa5md-shard-00-00.0nqvgu2.mongodb.net:27017, type=UNKNOWN, state=CONNECTING}, ServerDescription{address=ac-qdoa5md-shard-00-02.0nqvgu2.mongodb.net:27017, type=UNKNOWN, state=CONNECTING}]}. Waiting for 30000 ms before timing out
2022-12-27T00:40:03.533+10:00  INFO 28702 --- [cluster-ClusterId{value='63a9b2425c07e955c6debf8b', description='null'}-ac-qdoa5md-shard-00-02.0nqvgu2.mongodb.net:27017] org.mongodb.driver.cluster               : Monitor thread successfully connected to server with description ServerDescription{address=ac-qdoa5md-shard-00-02.0nqvgu2.mongodb.net:27017, type=REPLICA_SET_PRIMARY, state=CONNECTED, ok=true, minWireVersion=0, maxWireVersion=13, maxDocumentSize=16777216, logicalSessionTimeoutMinutes=30, roundTripTimeNanos=150149417, setName='atlas-9rc71x-shard-0', canonicalAddress=ac-qdoa5md-shard-00-02.0nqvgu2.mongodb.net:27017, hosts=[ac-qdoa5md-shard-00-01.0nqvgu2.mongodb.net:27017, ac-qdoa5md-shard-00-02.0nqvgu2.mongodb.net:27017, ac-qdoa5md-shard-00-00.0nqvgu2.mongodb.net:27017], passives=[], arbiters=[], primary='ac-qdoa5md-shard-00-02.0nqvgu2.mongodb.net:27017', tagSet=TagSet{[Tag{name='nodeType', value='ELECTABLE'}, Tag{name='provider', value='AWS'}, Tag{name='region', value='AP_SOUTHEAST_2'}, Tag{name='workloadType', value='OPERATIONAL'}]}, electionId=7fffffff0000000000000056, setVersion=7, topologyVersion=TopologyVersion{processId=637bddcac20996e771c03241, counter=6}, lastWriteDate=Tue Dec 27 00:40:03 AEST 2022, lastUpdateTimeNanos=502128277933458}
2022-12-27T00:40:03.533+10:00  INFO 28702 --- [cluster-ClusterId{value='63a9b2425c07e955c6debf8b', description='null'}-ac-qdoa5md-shard-00-01.0nqvgu2.mongodb.net:27017] org.mongodb.driver.cluster               : Monitor thread successfully connected to server with description ServerDescription{address=ac-qdoa5md-shard-00-01.0nqvgu2.mongodb.net:27017, type=REPLICA_SET_SECONDARY, state=CONNECTED, ok=true, minWireVersion=0, maxWireVersion=13, maxDocumentSize=16777216, logicalSessionTimeoutMinutes=30, roundTripTimeNanos=99547500, setName='atlas-9rc71x-shard-0', canonicalAddress=ac-qdoa5md-shard-00-01.0nqvgu2.mongodb.net:27017, hosts=[ac-qdoa5md-shard-00-01.0nqvgu2.mongodb.net:27017, ac-qdoa5md-shard-00-02.0nqvgu2.mongodb.net:27017, ac-qdoa5md-shard-00-00.0nqvgu2.mongodb.net:27017], passives=[], arbiters=[], primary='ac-qdoa5md-shard-00-02.0nqvgu2.mongodb.net:27017', tagSet=TagSet{[Tag{name='nodeType', value='ELECTABLE'}, Tag{name='provider', value='AWS'}, Tag{name='region', value='AP_SOUTHEAST_2'}, Tag{name='workloadType', value='OPERATIONAL'}]}, electionId=null, setVersion=7, topologyVersion=TopologyVersion{processId=637bdf250b281ae46cfb3a13, counter=3}, lastWriteDate=Tue Dec 27 00:40:03 AEST 2022, lastUpdateTimeNanos=502128277931541}
2022-12-27T00:40:03.533+10:00  INFO 28702 --- [cluster-ClusterId{value='63a9b2425c07e955c6debf8b', description='null'}-ac-qdoa5md-shard-00-00.0nqvgu2.mongodb.net:27017] org.mongodb.driver.cluster               : Monitor thread successfully connected to server with description ServerDescription{address=ac-qdoa5md-shard-00-00.0nqvgu2.mongodb.net:27017, type=REPLICA_SET_SECONDARY, state=CONNECTED, ok=true, minWireVersion=0, maxWireVersion=13, maxDocumentSize=16777216, logicalSessionTimeoutMinutes=30, roundTripTimeNanos=148819250, setName='atlas-9rc71x-shard-0', canonicalAddress=ac-qdoa5md-shard-00-00.0nqvgu2.mongodb.net:27017, hosts=[ac-qdoa5md-shard-00-01.0nqvgu2.mongodb.net:27017, ac-qdoa5md-shard-00-02.0nqvgu2.mongodb.net:27017, ac-qdoa5md-shard-00-00.0nqvgu2.mongodb.net:27017], passives=[], arbiters=[], primary='ac-qdoa5md-shard-00-02.0nqvgu2.mongodb.net:27017', tagSet=TagSet{[Tag{name='nodeType', value='ELECTABLE'}, Tag{name='provider', value='AWS'}, Tag{name='region', value='AP_SOUTHEAST_2'}, Tag{name='workloadType', value='OPERATIONAL'}]}, electionId=null, setVersion=7, topologyVersion=TopologyVersion{processId=637bdc717fad65cabd5e28ae, counter=5}, lastWriteDate=Tue Dec 27 00:40:03 AEST 2022, lastUpdateTimeNanos=502128277933458}
2022-12-27T00:40:03.534+10:00  INFO 28702 --- [cluster-ClusterId{value='63a9b2425c07e955c6debf8b', description='null'}-ac-qdoa5md-shard-00-02.0nqvgu2.mongodb.net:27017] org.mongodb.driver.cluster               : Discovered replica set primary ac-qdoa5md-shard-00-02.0nqvgu2.mongodb.net:27017 with max election id 7fffffff0000000000000056 and max set version 7
2022-12-27T00:40:23.993+10:00  INFO 28702 --- [http-nio-8080-exec-1] o.a.c.c.C.[Tomcat].[localhost].[/mtm]    : Initializing Spring DispatcherServlet 'dispatcherServlet'
2022-12-27T00:40:23.993+10:00  INFO 28702 --- [http-nio-8080-exec-1] o.s.web.servlet.DispatcherServlet        : Initializing Servlet 'dispatcherServlet'
2022-12-27T00:40:24.011+10:00  INFO 28702 --- [http-nio-8080-exec-1] o.s.web.servlet.DispatcherServlet        : Completed initialization in 16 ms
2022-12-27T00:40:26.054+10:00  INFO 28702 --- [http-nio-8080-exec-10] o.springdoc.api.AbstractOpenApiResource  : Init duration for springdoc-openapi is: 758 ms
2022-12-27T00:40:37.383+10:00  INFO 28702 --- [http-nio-8080-exec-1] c.m.a.controller.UserController          : Has binding errors: [Field error in object 'newUserRequestDTO' on field 'email': rejected value [string]; codes [Email.newUserRequestDTO.email,Email.email,Email.java.lang.String,Email]; arguments [org.springframework.context.support.DefaultMessageSourceResolvable: codes [newUserRequestDTO.email,email]; arguments []; default message [email],[Ljakarta.validation.constraints.Pattern$Flag;@2d33d158,.*]; default message [Email is not valid.]]
2022-12-27T00:40:37.386+10:00  INFO 28702 --- [http-nio-8080-exec-1] e.MicroTimeManagementBadRequestException : MicroTimeManagementBadRequestException: Error encountered in request. with multiple errors: [Email is not valid.]
2022-12-27T00:40:37.388+10:00 ERROR 28702 --- [http-nio-8080-exec-1] roTimeManagementResourceExceptionHandler : com.microtimemanagement.apiservice.controller.UserController.createNewUser(UserController.java:43)
java.base/jdk.internal.reflect.NativeMethodAccessorImpl.invoke0(Native Method)
java.base/jdk.internal.reflect.NativeMethodAccessorImpl.invoke(NativeMethodAccessorImpl.java:77)
java.base/jdk.internal.reflect.DelegatingMethodAccessorImpl.invoke(DelegatingMethodAccessorImpl.java:43)
java.base/java.lang.reflect.Method.invoke(Method.java:568)
org.springframework.web.method.support.InvocableHandlerMethod.doInvoke(InvocableHandlerMethod.java:207)
org.springframework.web.method.support.InvocableHandlerMethod.invokeForRequest(InvocableHandlerMethod.java:152)
org.springframework.web.servlet.mvc.method.annotation.ServletInvocableHandlerMethod.invokeAndHandle(ServletInvocableHandlerMethod.java:117)
org.springframework.web.servlet.mvc.method.annotation.RequestMappingHandlerAdapter.invokeHandlerMethod(RequestMappingHandlerAdapter.java:884)
org.springframework.web.servlet.mvc.method.annotation.RequestMappingHandlerAdapter.handleInternal(RequestMappingHandlerAdapter.java:797)
org.springframework.web.servlet.mvc.method.AbstractHandlerMethodAdapter.handle(AbstractHandlerMethodAdapter.java:87)
org.springframework.web.servlet.DispatcherServlet.doDispatch(DispatcherServlet.java:1080)
org.springframework.web.servlet.DispatcherServlet.doService(DispatcherServlet.java:973)
org.springframework.web.servlet.FrameworkServlet.processRequest(FrameworkServlet.java:1003)
org.springframework.web.servlet.FrameworkServlet.doPost(FrameworkServlet.java:906)
jakarta.servlet.http.HttpServlet.service(HttpServlet.java:731)
org.springframework.web.servlet.FrameworkServlet.service(FrameworkServlet.java:880)
jakarta.servlet.http.HttpServlet.service(HttpServlet.java:814)
org.apache.catalina.core.ApplicationFilterChain.internalDoFilter(ApplicationFilterChain.java:223)
org.apache.catalina.core.ApplicationFilterChain.doFilter(ApplicationFilterChain.java:158)
org.apache.tomcat.websocket.server.WsFilter.doFilter(WsFilter.java:53)
org.apache.catalina.core.ApplicationFilterChain.internalDoFilter(ApplicationFilterChain.java:185)
org.apache.catalina.core.ApplicationFilterChain.doFilter(ApplicationFilterChain.java:158)
org.springframework.web.filter.OncePerRequestFilter.doFilter(OncePerRequestFilter.java:110)
org.apache.catalina.core.ApplicationFilterChain.internalDoFilter(ApplicationFilterChain.java:185)
org.apache.catalina.core.ApplicationFilterChain.doFilter(ApplicationFilterChain.java:158)
org.springframework.security.web.FilterChainProxy.lambda$doFilterInternal$3(FilterChainProxy.java:231)
org.springframework.security.web.ObservationFilterChainDecorator$FilterObservation$SimpleFilterObservation.lambda$wrap$1(ObservationFilterChainDecorator.java:397)
org.springframework.security.web.ObservationFilterChainDecorator$AroundFilterObservation$SimpleAroundFilterObservation.lambda$wrap$1(ObservationFilterChainDecorator.java:295)
org.springframework.security.web.ObservationFilterChainDecorator.lambda$wrapSecured$0(ObservationFilterChainDecorator.java:79)
org.springframework.security.web.ObservationFilterChainDecorator$VirtualFilterChain.doFilter(ObservationFilterChainDecorator.java:125)
org.springframework.security.web.access.intercept.AuthorizationFilter.doFilter(AuthorizationFilter.java:100)
org.springframework.security.web.ObservationFilterChainDecorator$ObservationFilter.wrapFilter(ObservationFilterChainDecorator.java:185)
org.springframework.security.web.ObservationFilterChainDecorator$ObservationFilter.doFilter(ObservationFilterChainDecorator.java:173)
org.springframework.security.web.ObservationFilterChainDecorator$VirtualFilterChain.doFilter(ObservationFilterChainDecorator.java:134)
org.springframework.security.web.access.ExceptionTranslationFilter.doFilter(ExceptionTranslationFilter.java:126)
org.springframework.security.web.access.ExceptionTranslationFilter.doFilter(ExceptionTranslationFilter.java:120)
org.springframework.security.web.ObservationFilterChainDecorator$ObservationFilter.wrapFilter(ObservationFilterChainDecorator.java:185)
org.springframework.security.web.ObservationFilterChainDecorator$ObservationFilter.doFilter(ObservationFilterChainDecorator.java:173)
org.springframework.security.web.ObservationFilterChainDecorator$VirtualFilterChain.doFilter(ObservationFilterChainDecorator.java:134)
org.springframework.security.web.session.SessionManagementFilter.doFilter(SessionManagementFilter.java:131)
org.springframework.security.web.session.SessionManagementFilter.doFilter(SessionManagementFilter.java:85)
org.springframework.security.web.ObservationFilterChainDecorator$ObservationFilter.wrapFilter(ObservationFilterChainDecorator.java:185)
org.springframework.security.web.ObservationFilterChainDecorator$ObservationFilter.doFilter(ObservationFilterChainDecorator.java:173)
org.springframework.security.web.ObservationFilterChainDecorator$VirtualFilterChain.doFilter(ObservationFilterChainDecorator.java:134)
org.springframework.security.web.authentication.AnonymousAuthenticationFilter.doFilter(AnonymousAuthenticationFilter.java:100)
org.springframework.security.web.ObservationFilterChainDecorator$ObservationFilter.wrapFilter(ObservationFilterChainDecorator.java:185)
org.springframework.security.web.ObservationFilterChainDecorator$ObservationFilter.doFilter(ObservationFilterChainDecorator.java:173)
org.springframework.security.web.ObservationFilterChainDecorator$VirtualFilterChain.doFilter(ObservationFilterChainDecorator.java:134)
org.springframework.security.web.servletapi.SecurityContextHolderAwareRequestFilter.doFilter(SecurityContextHolderAwareRequestFilter.java:179)
org.springframework.security.web.ObservationFilterChainDecorator$ObservationFilter.wrapFilter(ObservationFilterChainDecorator.java:185)
org.springframework.security.web.ObservationFilterChainDecorator$ObservationFilter.doFilter(ObservationFilterChainDecorator.java:173)
org.springframework.security.web.ObservationFilterChainDecorator$VirtualFilterChain.doFilter(ObservationFilterChainDecorator.java:134)
org.springframework.security.web.savedrequest.RequestCacheAwareFilter.doFilter(RequestCacheAwareFilter.java:63)
org.springframework.security.web.ObservationFilterChainDecorator$ObservationFilter.wrapFilter(ObservationFilterChainDecorator.java:185)
org.springframework.security.web.ObservationFilterChainDecorator$ObservationFilter.doFilter(ObservationFilterChainDecorator.java:173)
org.springframework.security.web.ObservationFilterChainDecorator$VirtualFilterChain.doFilter(ObservationFilterChainDecorator.java:134)
com.microtimemanagement.apiservice.filter.JwtFilter.doFilterInternal(JwtFilter.java:69)
org.springframework.web.filter.OncePerRequestFilter.doFilter(OncePerRequestFilter.java:116)
org.springframework.security.web.ObservationFilterChainDecorator$ObservationFilter.wrapFilter(ObservationFilterChainDecorator.java:185)
org.springframework.security.web.ObservationFilterChainDecorator$ObservationFilter.doFilter(ObservationFilterChainDecorator.java:173)
org.springframework.security.web.ObservationFilterChainDecorator$VirtualFilterChain.doFilter(ObservationFilterChainDecorator.java:134)
org.springframework.security.web.authentication.logout.LogoutFilter.doFilter(LogoutFilter.java:107)
org.springframework.security.web.authentication.logout.LogoutFilter.doFilter(LogoutFilter.java:93)
org.springframework.security.web.ObservationFilterChainDecorator$ObservationFilter.wrapFilter(ObservationFilterChainDecorator.java:185)
org.springframework.security.web.ObservationFilterChainDecorator$ObservationFilter.doFilter(ObservationFilterChainDecorator.java:173)
org.springframework.security.web.ObservationFilterChainDecorator$VirtualFilterChain.doFilter(ObservationFilterChainDecorator.java:134)
org.springframework.web.filter.CorsFilter.doFilterInternal(CorsFilter.java:91)
org.springframework.web.filter.OncePerRequestFilter.doFilter(OncePerRequestFilter.java:116)
org.springframework.security.web.ObservationFilterChainDecorator$ObservationFilter.wrapFilter(ObservationFilterChainDecorator.java:185)
org.springframework.security.web.ObservationFilterChainDecorator$ObservationFilter.doFilter(ObservationFilterChainDecorator.java:173)
org.springframework.security.web.ObservationFilterChainDecorator$VirtualFilterChain.doFilter(ObservationFilterChainDecorator.java:134)
org.springframework.security.web.header.HeaderWriterFilter.doHeadersAfter(HeaderWriterFilter.java:90)
org.springframework.security.web.header.HeaderWriterFilter.doFilterInternal(HeaderWriterFilter.java:75)
org.springframework.web.filter.OncePerRequestFilter.doFilter(OncePerRequestFilter.java:116)
org.springframework.security.web.ObservationFilterChainDecorator$ObservationFilter.wrapFilter(ObservationFilterChainDecorator.java:185)
org.springframework.security.web.ObservationFilterChainDecorator$ObservationFilter.doFilter(ObservationFilterChainDecorator.java:173)
org.springframework.security.web.ObservationFilterChainDecorator$VirtualFilterChain.doFilter(ObservationFilterChainDecorator.java:134)
org.springframework.security.web.context.SecurityContextHolderFilter.doFilterInternal(SecurityContextHolderFilter.java:69)
org.springframework.web.filter.OncePerRequestFilter.doFilter(OncePerRequestFilter.java:116)
org.springframework.security.web.ObservationFilterChainDecorator$ObservationFilter.wrapFilter(ObservationFilterChainDecorator.java:185)
org.springframework.security.web.ObservationFilterChainDecorator$ObservationFilter.doFilter(ObservationFilterChainDecorator.java:173)
org.springframework.security.web.ObservationFilterChainDecorator$VirtualFilterChain.doFilter(ObservationFilterChainDecorator.java:134)
org.springframework.security.web.context.request.async.WebAsyncManagerIntegrationFilter.doFilterInternal(WebAsyncManagerIntegrationFilter.java:62)
org.springframework.web.filter.OncePerRequestFilter.doFilter(OncePerRequestFilter.java:116)
org.springframework.security.web.ObservationFilterChainDecorator$ObservationFilter.wrapFilter(ObservationFilterChainDecorator.java:185)
org.springframework.security.web.ObservationFilterChainDecorator$ObservationFilter.doFilter(ObservationFilterChainDecorator.java:173)
org.springframework.security.web.ObservationFilterChainDecorator$VirtualFilterChain.doFilter(ObservationFilterChainDecorator.java:134)
org.springframework.security.web.session.DisableEncodeUrlFilter.doFilterInternal(DisableEncodeUrlFilter.java:42)
org.springframework.web.filter.OncePerRequestFilter.doFilter(OncePerRequestFilter.java:116)
org.springframework.security.web.ObservationFilterChainDecorator$ObservationFilter.wrapFilter(ObservationFilterChainDecorator.java:185)
org.springframework.security.web.ObservationFilterChainDecorator$AroundFilterObservation$SimpleAroundFilterObservation.lambda$wrap$0(ObservationFilterChainDecorator.java:278)
org.springframework.security.web.ObservationFilterChainDecorator$ObservationFilter.doFilter(ObservationFilterChainDecorator.java:170)
org.springframework.security.web.ObservationFilterChainDecorator$VirtualFilterChain.doFilter(ObservationFilterChainDecorator.java:134)
org.springframework.security.web.FilterChainProxy.doFilterInternal(FilterChainProxy.java:233)
org.springframework.security.web.FilterChainProxy.doFilter(FilterChainProxy.java:191)
org.springframework.web.filter.DelegatingFilterProxy.invokeDelegate(DelegatingFilterProxy.java:351)
org.springframework.web.filter.DelegatingFilterProxy.doFilter(DelegatingFilterProxy.java:267)
org.apache.catalina.core.ApplicationFilterChain.internalDoFilter(ApplicationFilterChain.java:185)
org.apache.catalina.core.ApplicationFilterChain.doFilter(ApplicationFilterChain.java:158)
org.springframework.web.filter.RequestContextFilter.doFilterInternal(RequestContextFilter.java:100)
org.springframework.web.filter.OncePerRequestFilter.doFilter(OncePerRequestFilter.java:116)
org.apache.catalina.core.ApplicationFilterChain.internalDoFilter(ApplicationFilterChain.java:185)
org.apache.catalina.core.ApplicationFilterChain.doFilter(ApplicationFilterChain.java:158)
org.springframework.web.filter.FormContentFilter.doFilterInternal(FormContentFilter.java:93)
org.springframework.web.filter.OncePerRequestFilter.doFilter(OncePerRequestFilter.java:116)
org.apache.catalina.core.ApplicationFilterChain.internalDoFilter(ApplicationFilterChain.java:185)
org.apache.catalina.core.ApplicationFilterChain.doFilter(ApplicationFilterChain.java:158)
org.springframework.web.filter.ServerHttpObservationFilter.doFilterInternal(ServerHttpObservationFilter.java:109)
org.springframework.web.filter.OncePerRequestFilter.doFilter(OncePerRequestFilter.java:116)
org.apache.catalina.core.ApplicationFilterChain.internalDoFilter(ApplicationFilterChain.java:185)
org.apache.catalina.core.ApplicationFilterChain.doFilter(ApplicationFilterChain.java:158)
org.springframework.web.filter.CharacterEncodingFilter.doFilterInternal(CharacterEncodingFilter.java:201)
org.springframework.web.filter.OncePerRequestFilter.doFilter(OncePerRequestFilter.java:116)
org.apache.catalina.core.ApplicationFilterChain.internalDoFilter(ApplicationFilterChain.java:185)
org.apache.catalina.core.ApplicationFilterChain.doFilter(ApplicationFilterChain.java:158)
org.apache.catalina.core.StandardWrapperValve.invoke(StandardWrapperValve.java:197)
org.apache.catalina.core.StandardContextValve.invoke(StandardContextValve.java:97)
org.apache.catalina.authenticator.AuthenticatorBase.invoke(AuthenticatorBase.java:542)
org.apache.catalina.core.StandardHostValve.invoke(StandardHostValve.java:119)
org.apache.catalina.valves.ErrorReportValve.invoke(ErrorReportValve.java:92)
org.apache.catalina.core.StandardEngineValve.invoke(StandardEngineValve.java:78)
org.apache.catalina.connector.CoyoteAdapter.service(CoyoteAdapter.java:357)
org.apache.coyote.http11.Http11Processor.service(Http11Processor.java:400)
org.apache.coyote.AbstractProcessorLight.process(AbstractProcessorLight.java:65)
org.apache.coyote.AbstractProtocol$ConnectionHandler.process(AbstractProtocol.java:861)
org.apache.tomcat.util.net.NioEndpoint$SocketProcessor.doRun(NioEndpoint.java:1739)
org.apache.tomcat.util.net.SocketProcessorBase.run(SocketProcessorBase.java:52)
org.apache.tomcat.util.threads.ThreadPoolExecutor.runWorker(ThreadPoolExecutor.java:1191)
org.apache.tomcat.util.threads.ThreadPoolExecutor$Worker.run(ThreadPoolExecutor.java:659)
org.apache.tomcat.util.threads.TaskThread$WrappingRunnable.run(TaskThread.java:61)
java.base/java.lang.Thread.run(Thread.java:833)

2022-12-27T01:31:09.396+10:00  INFO 28702 --- [cluster-ClusterId{value='63a9b2425c07e955c6debf8b', description='null'}-ac-qdoa5md-shard-00-01.0nqvgu2.mongodb.net:27017] org.mongodb.driver.cluster               : Exception in monitor thread while connecting to server ac-qdoa5md-shard-00-01.0nqvgu2.mongodb.net:27017

com.mongodb.MongoSocketReadTimeoutException: Timeout while receiving message
	at com.mongodb.internal.connection.InternalStreamConnection.translateReadException(InternalStreamConnection.java:699) ~[mongodb-driver-core-4.8.0.jar:na]
	at com.mongodb.internal.connection.InternalStreamConnection.receiveMessageWithAdditionalTimeout(InternalStreamConnection.java:577) ~[mongodb-driver-core-4.8.0.jar:na]
	at com.mongodb.internal.connection.InternalStreamConnection.receiveCommandMessageResponse(InternalStreamConnection.java:413) ~[mongodb-driver-core-4.8.0.jar:na]
	at com.mongodb.internal.connection.InternalStreamConnection.receive(InternalStreamConnection.java:372) ~[mongodb-driver-core-4.8.0.jar:na]
	at com.mongodb.internal.connection.DefaultServerMonitor$ServerMonitorRunnable.lookupServerDescription(DefaultServerMonitor.java:221) ~[mongodb-driver-core-4.8.0.jar:na]
	at com.mongodb.internal.connection.DefaultServerMonitor$ServerMonitorRunnable.run(DefaultServerMonitor.java:157) ~[mongodb-driver-core-4.8.0.jar:na]
	at java.base/java.lang.Thread.run(Thread.java:833) ~[na:na]
Caused by: java.net.SocketTimeoutException: Read timed out
	at java.base/sun.nio.ch.NioSocketImpl.timedRead(NioSocketImpl.java:283) ~[na:na]
	at java.base/sun.nio.ch.NioSocketImpl.implRead(NioSocketImpl.java:309) ~[na:na]
	at java.base/sun.nio.ch.NioSocketImpl.read(NioSocketImpl.java:350) ~[na:na]
	at java.base/sun.nio.ch.NioSocketImpl$1.read(NioSocketImpl.java:803) ~[na:na]
	at java.base/java.net.Socket$SocketInputStream.read(Socket.java:976) ~[na:na]
	at java.base/sun.security.ssl.SSLSocketInputRecord.read(SSLSocketInputRecord.java:478) ~[na:na]
	at java.base/sun.security.ssl.SSLSocketInputRecord.readHeader(SSLSocketInputRecord.java:472) ~[na:na]
	at java.base/sun.security.ssl.SSLSocketInputRecord.bytesInCompletePacket(SSLSocketInputRecord.java:70) ~[na:na]
	at java.base/sun.security.ssl.SSLSocketImpl.readApplicationRecord(SSLSocketImpl.java:1460) ~[na:na]
	at java.base/sun.security.ssl.SSLSocketImpl$AppInputStream.read(SSLSocketImpl.java:1064) ~[na:na]
	at com.mongodb.internal.connection.SocketStream.read(SocketStream.java:113) ~[mongodb-driver-core-4.8.0.jar:na]
	at com.mongodb.internal.connection.SocketStream.read(SocketStream.java:138) ~[mongodb-driver-core-4.8.0.jar:na]
	at com.mongodb.internal.connection.InternalStreamConnection.receiveResponseBuffers(InternalStreamConnection.java:716) ~[mongodb-driver-core-4.8.0.jar:na]
	at com.mongodb.internal.connection.InternalStreamConnection.receiveMessageWithAdditionalTimeout(InternalStreamConnection.java:574) ~[mongodb-driver-core-4.8.0.jar:na]
	... 5 common frames omitted

2022-12-27T01:31:09.272+10:00  INFO 28702 --- [cluster-ClusterId{value='63a9b2425c07e955c6debf8b', description='null'}-ac-qdoa5md-shard-00-02.0nqvgu2.mongodb.net:27017] org.mongodb.driver.cluster               : Exception in monitor thread while connecting to server ac-qdoa5md-shard-00-02.0nqvgu2.mongodb.net:27017

com.mongodb.MongoSocketReadTimeoutException: Timeout while receiving message
	at com.mongodb.internal.connection.InternalStreamConnection.translateReadException(InternalStreamConnection.java:699) ~[mongodb-driver-core-4.8.0.jar:na]
	at com.mongodb.internal.connection.InternalStreamConnection.receiveMessageWithAdditionalTimeout(InternalStreamConnection.java:577) ~[mongodb-driver-core-4.8.0.jar:na]
	at com.mongodb.internal.connection.InternalStreamConnection.receiveCommandMessageResponse(InternalStreamConnection.java:413) ~[mongodb-driver-core-4.8.0.jar:na]
	at com.mongodb.internal.connection.InternalStreamConnection.receive(InternalStreamConnection.java:372) ~[mongodb-driver-core-4.8.0.jar:na]
	at com.mongodb.internal.connection.DefaultServerMonitor$ServerMonitorRunnable.lookupServerDescription(DefaultServerMonitor.java:221) ~[mongodb-driver-core-4.8.0.jar:na]
	at com.mongodb.internal.connection.DefaultServerMonitor$ServerMonitorRunnable.run(DefaultServerMonitor.java:157) ~[mongodb-driver-core-4.8.0.jar:na]
	at java.base/java.lang.Thread.run(Thread.java:833) ~[na:na]
Caused by: java.net.SocketTimeoutException: Read timed out
	at java.base/sun.nio.ch.NioSocketImpl.timedRead(NioSocketImpl.java:283) ~[na:na]
	at java.base/sun.nio.ch.NioSocketImpl.implRead(NioSocketImpl.java:309) ~[na:na]
	at java.base/sun.nio.ch.NioSocketImpl.read(NioSocketImpl.java:350) ~[na:na]
	at java.base/sun.nio.ch.NioSocketImpl$1.read(NioSocketImpl.java:803) ~[na:na]
	at java.base/java.net.Socket$SocketInputStream.read(Socket.java:976) ~[na:na]
	at java.base/sun.security.ssl.SSLSocketInputRecord.read(SSLSocketInputRecord.java:478) ~[na:na]
	at java.base/sun.security.ssl.SSLSocketInputRecord.readHeader(SSLSocketInputRecord.java:472) ~[na:na]
	at java.base/sun.security.ssl.SSLSocketInputRecord.bytesInCompletePacket(SSLSocketInputRecord.java:70) ~[na:na]
	at java.base/sun.security.ssl.SSLSocketImpl.readApplicationRecord(SSLSocketImpl.java:1460) ~[na:na]
	at java.base/sun.security.ssl.SSLSocketImpl$AppInputStream.read(SSLSocketImpl.java:1064) ~[na:na]
	at com.mongodb.internal.connection.SocketStream.read(SocketStream.java:113) ~[mongodb-driver-core-4.8.0.jar:na]
	at com.mongodb.internal.connection.SocketStream.read(SocketStream.java:138) ~[mongodb-driver-core-4.8.0.jar:na]
	at com.mongodb.internal.connection.InternalStreamConnection.receiveResponseBuffers(InternalStreamConnection.java:716) ~[mongodb-driver-core-4.8.0.jar:na]
	at com.mongodb.internal.connection.InternalStreamConnection.receiveMessageWithAdditionalTimeout(InternalStreamConnection.java:574) ~[mongodb-driver-core-4.8.0.jar:na]
	... 5 common frames omitted

2022-12-27T01:31:09.272+10:00  INFO 28702 --- [cluster-ClusterId{value='63a9b2425c07e955c6debf8b', description='null'}-ac-qdoa5md-shard-00-00.0nqvgu2.mongodb.net:27017] org.mongodb.driver.cluster               : Exception in monitor thread while connecting to server ac-qdoa5md-shard-00-00.0nqvgu2.mongodb.net:27017

com.mongodb.MongoSocketReadTimeoutException: Timeout while receiving message
	at com.mongodb.internal.connection.InternalStreamConnection.translateReadException(InternalStreamConnection.java:699) ~[mongodb-driver-core-4.8.0.jar:na]
	at com.mongodb.internal.connection.InternalStreamConnection.receiveMessageWithAdditionalTimeout(InternalStreamConnection.java:577) ~[mongodb-driver-core-4.8.0.jar:na]
	at com.mongodb.internal.connection.InternalStreamConnection.receiveCommandMessageResponse(InternalStreamConnection.java:413) ~[mongodb-driver-core-4.8.0.jar:na]
	at com.mongodb.internal.connection.InternalStreamConnection.receive(InternalStreamConnection.java:372) ~[mongodb-driver-core-4.8.0.jar:na]
	at com.mongodb.internal.connection.DefaultServerMonitor$ServerMonitorRunnable.lookupServerDescription(DefaultServerMonitor.java:221) ~[mongodb-driver-core-4.8.0.jar:na]
	at com.mongodb.internal.connection.DefaultServerMonitor$ServerMonitorRunnable.run(DefaultServerMonitor.java:157) ~[mongodb-driver-core-4.8.0.jar:na]
	at java.base/java.lang.Thread.run(Thread.java:833) ~[na:na]
Caused by: java.net.SocketTimeoutException: Read timed out
	at java.base/sun.nio.ch.NioSocketImpl.timedRead(NioSocketImpl.java:283) ~[na:na]
	at java.base/sun.nio.ch.NioSocketImpl.implRead(NioSocketImpl.java:309) ~[na:na]
	at java.base/sun.nio.ch.NioSocketImpl.read(NioSocketImpl.java:350) ~[na:na]
	at java.base/sun.nio.ch.NioSocketImpl$1.read(NioSocketImpl.java:803) ~[na:na]
	at java.base/java.net.Socket$SocketInputStream.read(Socket.java:976) ~[na:na]
	at java.base/sun.security.ssl.SSLSocketInputRecord.read(SSLSocketInputRecord.java:478) ~[na:na]
	at java.base/sun.security.ssl.SSLSocketInputRecord.readHeader(SSLSocketInputRecord.java:472) ~[na:na]
	at java.base/sun.security.ssl.SSLSocketInputRecord.bytesInCompletePacket(SSLSocketInputRecord.java:70) ~[na:na]
	at java.base/sun.security.ssl.SSLSocketImpl.readApplicationRecord(SSLSocketImpl.java:1460) ~[na:na]
	at java.base/sun.security.ssl.SSLSocketImpl$AppInputStream.read(SSLSocketImpl.java:1064) ~[na:na]
	at com.mongodb.internal.connection.SocketStream.read(SocketStream.java:113) ~[mongodb-driver-core-4.8.0.jar:na]
	at com.mongodb.internal.connection.SocketStream.read(SocketStream.java:138) ~[mongodb-driver-core-4.8.0.jar:na]
	at com.mongodb.internal.connection.InternalStreamConnection.receiveResponseBuffers(InternalStreamConnection.java:716) ~[mongodb-driver-core-4.8.0.jar:na]
	at com.mongodb.internal.connection.InternalStreamConnection.receiveMessageWithAdditionalTimeout(InternalStreamConnection.java:574) ~[mongodb-driver-core-4.8.0.jar:na]
	... 5 common frames omitted

2022-12-27T01:31:09.793+10:00  INFO 28702 --- [cluster-ClusterId{value='63a9b2425c07e955c6debf8b', description='null'}-ac-qdoa5md-shard-00-02.0nqvgu2.mongodb.net:27017] org.mongodb.driver.cluster               : Monitor thread successfully connected to server with description ServerDescription{address=ac-qdoa5md-shard-00-02.0nqvgu2.mongodb.net:27017, type=REPLICA_SET_PRIMARY, state=CONNECTED, ok=true, minWireVersion=0, maxWireVersion=13, maxDocumentSize=16777216, logicalSessionTimeoutMinutes=30, roundTripTimeNanos=170019416, setName='atlas-9rc71x-shard-0', canonicalAddress=ac-qdoa5md-shard-00-02.0nqvgu2.mongodb.net:27017, hosts=[ac-qdoa5md-shard-00-01.0nqvgu2.mongodb.net:27017, ac-qdoa5md-shard-00-02.0nqvgu2.mongodb.net:27017, ac-qdoa5md-shard-00-00.0nqvgu2.mongodb.net:27017], passives=[], arbiters=[], primary='ac-qdoa5md-shard-00-02.0nqvgu2.mongodb.net:27017', tagSet=TagSet{[Tag{name='nodeType', value='ELECTABLE'}, Tag{name='provider', value='AWS'}, Tag{name='region', value='AP_SOUTHEAST_2'}, Tag{name='workloadType', value='OPERATIONAL'}]}, electionId=7fffffff0000000000000056, setVersion=7, topologyVersion=TopologyVersion{processId=637bddcac20996e771c03241, counter=6}, lastWriteDate=Tue Dec 27 01:31:09 AEST 2022, lastUpdateTimeNanos=504420460809375}
2022-12-27T01:31:09.793+10:00  INFO 28702 --- [cluster-ClusterId{value='63a9b2425c07e955c6debf8b', description='null'}-ac-qdoa5md-shard-00-00.0nqvgu2.mongodb.net:27017] org.mongodb.driver.cluster               : Monitor thread successfully connected to server with description ServerDescription{address=ac-qdoa5md-shard-00-00.0nqvgu2.mongodb.net:27017, type=REPLICA_SET_SECONDARY, state=CONNECTED, ok=true, minWireVersion=0, maxWireVersion=13, maxDocumentSize=16777216, logicalSessionTimeoutMinutes=30, roundTripTimeNanos=167786583, setName='atlas-9rc71x-shard-0', canonicalAddress=ac-qdoa5md-shard-00-00.0nqvgu2.mongodb.net:27017, hosts=[ac-qdoa5md-shard-00-01.0nqvgu2.mongodb.net:27017, ac-qdoa5md-shard-00-02.0nqvgu2.mongodb.net:27017, ac-qdoa5md-shard-00-00.0nqvgu2.mongodb.net:27017], passives=[], arbiters=[], primary='ac-qdoa5md-shard-00-02.0nqvgu2.mongodb.net:27017', tagSet=TagSet{[Tag{name='nodeType', value='ELECTABLE'}, Tag{name='provider', value='AWS'}, Tag{name='region', value='AP_SOUTHEAST_2'}, Tag{name='workloadType', value='OPERATIONAL'}]}, electionId=null, setVersion=7, topologyVersion=TopologyVersion{processId=637bdc717fad65cabd5e28ae, counter=5}, lastWriteDate=Tue Dec 27 01:31:09 AEST 2022, lastUpdateTimeNanos=504420457983583}
2022-12-27T01:31:09.793+10:00  INFO 28702 --- [cluster-ClusterId{value='63a9b2425c07e955c6debf8b', description='null'}-ac-qdoa5md-shard-00-01.0nqvgu2.mongodb.net:27017] org.mongodb.driver.cluster               : Monitor thread successfully connected to server with description ServerDescription{address=ac-qdoa5md-shard-00-01.0nqvgu2.mongodb.net:27017, type=REPLICA_SET_SECONDARY, state=CONNECTED, ok=true, minWireVersion=0, maxWireVersion=13, maxDocumentSize=16777216, logicalSessionTimeoutMinutes=30, roundTripTimeNanos=168452375, setName='atlas-9rc71x-shard-0', canonicalAddress=ac-qdoa5md-shard-00-01.0nqvgu2.mongodb.net:27017, hosts=[ac-qdoa5md-shard-00-01.0nqvgu2.mongodb.net:27017, ac-qdoa5md-shard-00-02.0nqvgu2.mongodb.net:27017, ac-qdoa5md-shard-00-00.0nqvgu2.mongodb.net:27017], passives=[], arbiters=[], primary='ac-qdoa5md-shard-00-02.0nqvgu2.mongodb.net:27017', tagSet=TagSet{[Tag{name='nodeType', value='ELECTABLE'}, Tag{name='provider', value='AWS'}, Tag{name='region', value='AP_SOUTHEAST_2'}, Tag{name='workloadType', value='OPERATIONAL'}]}, electionId=null, setVersion=7, topologyVersion=TopologyVersion{processId=637bdf250b281ae46cfb3a13, counter=3}, lastWriteDate=Tue Dec 27 01:31:09 AEST 2022, lastUpdateTimeNanos=504420458603000}
2022-12-27T01:31:09.810+10:00  INFO 28702 --- [cluster-ClusterId{value='63a9b2425c07e955c6debf8b', description='null'}-ac-qdoa5md-shard-00-02.0nqvgu2.mongodb.net:27017] org.mongodb.driver.cluster               : Discovered replica set primary ac-qdoa5md-shard-00-02.0nqvgu2.mongodb.net:27017 with max election id 7fffffff0000000000000056 and max set version 7
2022-12-27T01:52:36.829+10:00  INFO 29247 --- [main] c.m.apiservice.ApiServiceApplication     : Starting ApiServiceApplication using Java 17.0.5 with PID 29247 (/Users/vishal.dogra/Documents/Projects/MicroTimeManagement/backend/api-service/target/classes started by vishal.dogra in /Users/vishal.dogra/Documents/Projects/MicroTimeManagement/backend/api-service)
2022-12-27T01:52:36.832+10:00  INFO 29247 --- [main] c.m.apiservice.ApiServiceApplication     : No active profile set, falling back to 1 default profile: "default"
2022-12-27T01:52:37.421+10:00  INFO 29247 --- [main] .s.d.r.c.RepositoryConfigurationDelegate : Bootstrapping Spring Data MongoDB repositories in DEFAULT mode.
2022-12-27T01:52:37.454+10:00  INFO 29247 --- [main] .s.d.r.c.RepositoryConfigurationDelegate : Finished Spring Data repository scanning in 29 ms. Found 4 MongoDB repository interfaces.
2022-12-27T01:52:37.568+10:00  INFO 29247 --- [main] trationDelegate$BeanPostProcessorChecker : Bean 'authorityDefaults' of type [org.springframework.security.config.core.GrantedAuthorityDefaults] is not eligible for getting processed by all BeanPostProcessors (for example: not eligible for auto-proxying)
2022-12-27T01:52:37.701+10:00  INFO 29247 --- [main] o.s.b.w.embedded.tomcat.TomcatWebServer  : Tomcat initialized with port(s): 8080 (http)
2022-12-27T01:52:37.706+10:00  INFO 29247 --- [main] o.apache.catalina.core.StandardService   : Starting service [Tomcat]
2022-12-27T01:52:37.706+10:00  INFO 29247 --- [main] o.apache.catalina.core.StandardEngine    : Starting Servlet engine: [Apache Tomcat/10.1.1]
2022-12-27T01:52:37.744+10:00  INFO 29247 --- [main] o.a.c.c.C.[Tomcat].[localhost].[/mtm]    : Initializing Spring embedded WebApplicationContext
2022-12-27T01:52:37.744+10:00  INFO 29247 --- [main] w.s.c.ServletWebServerApplicationContext : Root WebApplicationContext: initialization completed in 874 ms
2022-12-27T01:52:38.099+10:00  INFO 29247 --- [main] org.mongodb.driver.client                : MongoClient with metadata {"driver": {"name": "mongo-java-driver|sync|spring-boot", "version": "4.8.0"}, "os": {"type": "Darwin", "name": "Mac OS X", "architecture": "aarch64", "version": "13.0.1"}, "platform": "Java/Azul Systems, Inc./17.0.5+8-LTS"} created with settings MongoClientSettings{readPreference=primary, writeConcern=WriteConcern{w=majority, wTimeout=null ms, journal=null}, retryWrites=true, retryReads=true, readConcern=ReadConcern{level=null}, credential=MongoCredential{mechanism=null, userName='spring_micro_time_manager', source='admin', password=<hidden>, mechanismProperties=<hidden>}, streamFactoryFactory=null, commandListeners=[io.micrometer.core.instrument.binder.mongodb.MongoMetricsCommandListener@486bd064], codecRegistry=ProvidersCodecRegistry{codecProviders=[ValueCodecProvider{}, BsonValueCodecProvider{}, DBRefCodecProvider{}, DBObjectCodecProvider{}, DocumentCodecProvider{}, CollectionCodecProvider{}, IterableCodecProvider{}, MapCodecProvider{}, GeoJsonCodecProvider{}, GridFSFileCodecProvider{}, Jsr310CodecProvider{}, JsonObjectCodecProvider{}, BsonCodecProvider{}, EnumCodecProvider{}, com.mongodb.Jep395RecordCodecProvider@6459f4ea]}, clusterSettings={hosts=[127.0.0.1:27017], srvHost=cluster-1.0nqvgu2.mongodb.net, srvServiceName=mongodb, mode=MULTIPLE, requiredClusterType=REPLICA_SET, requiredReplicaSetName='atlas-9rc71x-shard-0', serverSelector='null', clusterListeners='[]', serverSelectionTimeout='30000 ms', localThreshold='30000 ms'}, socketSettings=SocketSettings{connectTimeoutMS=10000, readTimeoutMS=0, receiveBufferSize=0, sendBufferSize=0}, heartbeatSocketSettings=SocketSettings{connectTimeoutMS=10000, readTimeoutMS=10000, receiveBufferSize=0, sendBufferSize=0}, connectionPoolSettings=ConnectionPoolSettings{maxSize=100, minSize=0, maxWaitTimeMS=120000, maxConnectionLifeTimeMS=0, maxConnectionIdleTimeMS=0, maintenanceInitialDelayMS=0, maintenanceFrequencyMS=60000, connectionPoolListeners=[io.micrometer.core.instrument.binder.mongodb.MongoMetricsConnectionPoolListener@740b9a50], maxConnecting=2}, serverSettings=ServerSettings{heartbeatFrequencyMS=10000, minHeartbeatFrequencyMS=500, serverListeners='[]', serverMonitorListeners='[]'}, sslSettings=SslSettings{enabled=true, invalidHostNameAllowed=false, context=null}, applicationName='null', compressorList=[], uuidRepresentation=JAVA_LEGACY, serverApi=null, autoEncryptionSettings=null, contextProvider=null}
2022-12-27T01:52:38.502+10:00  INFO 29247 --- [main] o.s.b.a.e.web.EndpointLinksResolver      : Exposing 1 endpoint(s) beneath base path '/actuator'
2022-12-27T01:52:38.578+10:00  INFO 29247 --- [cluster-ClusterId{value='63a9c3461efbaa052987de58', description='null'}-srv-cluster-1.0nqvgu2.mongodb.net] org.mongodb.driver.cluster               : Adding discovered server ac-qdoa5md-shard-00-00.0nqvgu2.mongodb.net:27017 to client view of cluster
2022-12-27T01:52:38.590+10:00  INFO 29247 --- [cluster-ClusterId{value='63a9c3461efbaa052987de58', description='null'}-srv-cluster-1.0nqvgu2.mongodb.net] org.mongodb.driver.cluster               : Adding discovered server ac-qdoa5md-shard-00-02.0nqvgu2.mongodb.net:27017 to client view of cluster
2022-12-27T01:52:38.590+10:00  INFO 29247 --- [cluster-ClusterId{value='63a9c3461efbaa052987de58', description='null'}-srv-cluster-1.0nqvgu2.mongodb.net] org.mongodb.driver.cluster               : Adding discovered server ac-qdoa5md-shard-00-01.0nqvgu2.mongodb.net:27017 to client view of cluster
2022-12-27T01:52:38.866+10:00  INFO 29247 --- [main] o.s.s.web.DefaultSecurityFilterChain     : Will secure any request with [org.springframework.security.web.session.DisableEncodeUrlFilter@5a2f401a, org.springframework.security.web.context.request.async.WebAsyncManagerIntegrationFilter@6bdedbbd, org.springframework.security.web.context.SecurityContextHolderFilter@6aaa678d, org.springframework.security.web.header.HeaderWriterFilter@75ee6f89, org.springframework.web.filter.CorsFilter@47b961e2, org.springframework.security.web.authentication.logout.LogoutFilter@6cc90398, com.microtimemanagement.apiservice.filter.MtmSessionFilter@44fb6ebd, org.springframework.security.web.savedrequest.RequestCacheAwareFilter@113d0f75, org.springframework.security.web.servletapi.SecurityContextHolderAwareRequestFilter@7d17906, org.springframework.security.web.authentication.AnonymousAuthenticationFilter@d2cb2d0, org.springframework.security.web.session.SessionManagementFilter@35af52dc, org.springframework.security.web.access.ExceptionTranslationFilter@cb318ac, org.springframework.security.web.access.intercept.AuthorizationFilter@1fc5c0b2]
2022-12-27T01:52:39.043+10:00  INFO 29247 --- [cluster-ClusterId{value='63a9c3461efbaa052987de58', description='null'}-ac-qdoa5md-shard-00-02.0nqvgu2.mongodb.net:27017] org.mongodb.driver.cluster               : Monitor thread successfully connected to server with description ServerDescription{address=ac-qdoa5md-shard-00-02.0nqvgu2.mongodb.net:27017, type=REPLICA_SET_PRIMARY, state=CONNECTED, ok=true, minWireVersion=0, maxWireVersion=13, maxDocumentSize=16777216, logicalSessionTimeoutMinutes=30, roundTripTimeNanos=341886750, setName='atlas-9rc71x-shard-0', canonicalAddress=ac-qdoa5md-shard-00-02.0nqvgu2.mongodb.net:27017, hosts=[ac-qdoa5md-shard-00-01.0nqvgu2.mongodb.net:27017, ac-qdoa5md-shard-00-02.0nqvgu2.mongodb.net:27017, ac-qdoa5md-shard-00-00.0nqvgu2.mongodb.net:27017], passives=[], arbiters=[], primary='ac-qdoa5md-shard-00-02.0nqvgu2.mongodb.net:27017', tagSet=TagSet{[Tag{name='nodeType', value='ELECTABLE'}, Tag{name='provider', value='AWS'}, Tag{name='region', value='AP_SOUTHEAST_2'}, Tag{name='workloadType', value='OPERATIONAL'}]}, electionId=7fffffff0000000000000056, setVersion=7, topologyVersion=TopologyVersion{processId=637bddcac20996e771c03241, counter=6}, lastWriteDate=Tue Dec 27 01:52:39 AEST 2022, lastUpdateTimeNanos=505709730664791}
2022-12-27T01:52:39.045+10:00  INFO 29247 --- [cluster-ClusterId{value='63a9c3461efbaa052987de58', description='null'}-ac-qdoa5md-shard-00-02.0nqvgu2.mongodb.net:27017] org.mongodb.driver.cluster               : Discovered replica set primary ac-qdoa5md-shard-00-02.0nqvgu2.mongodb.net:27017 with max election id 7fffffff0000000000000056 and max set version 7
2022-12-27T01:52:39.049+10:00  INFO 29247 --- [main] o.s.b.w.embedded.tomcat.TomcatWebServer  : Tomcat started on port(s): 8080 (http) with context path '/mtm'
2022-12-27T01:52:39.058+10:00  INFO 29247 --- [main] c.m.apiservice.ApiServiceApplication     : Started ApiServiceApplication in 2.661 seconds (process running for 3.266)
2022-12-27T01:52:39.238+10:00  INFO 29247 --- [cluster-ClusterId{value='63a9c3461efbaa052987de58', description='null'}-ac-qdoa5md-shard-00-00.0nqvgu2.mongodb.net:27017] org.mongodb.driver.cluster               : Monitor thread successfully connected to server with description ServerDescription{address=ac-qdoa5md-shard-00-00.0nqvgu2.mongodb.net:27017, type=REPLICA_SET_SECONDARY, state=CONNECTED, ok=true, minWireVersion=0, maxWireVersion=13, maxDocumentSize=16777216, logicalSessionTimeoutMinutes=30, roundTripTimeNanos=92508292, setName='atlas-9rc71x-shard-0', canonicalAddress=ac-qdoa5md-shard-00-00.0nqvgu2.mongodb.net:27017, hosts=[ac-qdoa5md-shard-00-01.0nqvgu2.mongodb.net:27017, ac-qdoa5md-shard-00-02.0nqvgu2.mongodb.net:27017, ac-qdoa5md-shard-00-00.0nqvgu2.mongodb.net:27017], passives=[], arbiters=[], primary='ac-qdoa5md-shard-00-02.0nqvgu2.mongodb.net:27017', tagSet=TagSet{[Tag{name='nodeType', value='ELECTABLE'}, Tag{name='provider', value='AWS'}, Tag{name='region', value='AP_SOUTHEAST_2'}, Tag{name='workloadType', value='OPERATIONAL'}]}, electionId=null, setVersion=7, topologyVersion=TopologyVersion{processId=637bdc717fad65cabd5e28ae, counter=5}, lastWriteDate=Tue Dec 27 01:52:39 AEST 2022, lastUpdateTimeNanos=505709925954875}
2022-12-27T01:52:39.387+10:00  INFO 29247 --- [cluster-ClusterId{value='63a9c3461efbaa052987de58', description='null'}-ac-qdoa5md-shard-00-01.0nqvgu2.mongodb.net:27017] org.mongodb.driver.cluster               : Monitor thread successfully connected to server with description ServerDescription{address=ac-qdoa5md-shard-00-01.0nqvgu2.mongodb.net:27017, type=REPLICA_SET_SECONDARY, state=CONNECTED, ok=true, minWireVersion=0, maxWireVersion=13, maxDocumentSize=16777216, logicalSessionTimeoutMinutes=30, roundTripTimeNanos=180343417, setName='atlas-9rc71x-shard-0', canonicalAddress=ac-qdoa5md-shard-00-01.0nqvgu2.mongodb.net:27017, hosts=[ac-qdoa5md-shard-00-01.0nqvgu2.mongodb.net:27017, ac-qdoa5md-shard-00-02.0nqvgu2.mongodb.net:27017, ac-qdoa5md-shard-00-00.0nqvgu2.mongodb.net:27017], passives=[], arbiters=[], primary='ac-qdoa5md-shard-00-02.0nqvgu2.mongodb.net:27017', tagSet=TagSet{[Tag{name='nodeType', value='ELECTABLE'}, Tag{name='provider', value='AWS'}, Tag{name='region', value='AP_SOUTHEAST_2'}, Tag{name='workloadType', value='OPERATIONAL'}]}, electionId=null, setVersion=7, topologyVersion=TopologyVersion{processId=637bdf250b281ae46cfb3a13, counter=3}, lastWriteDate=Tue Dec 27 01:52:39 AEST 2022, lastUpdateTimeNanos=505710074890750}
2022-12-27T01:52:42.044+10:00  INFO 29247 --- [http-nio-8080-exec-1] o.a.c.c.C.[Tomcat].[localhost].[/mtm]    : Initializing Spring DispatcherServlet 'dispatcherServlet'
2022-12-27T01:52:42.045+10:00  INFO 29247 --- [http-nio-8080-exec-1] o.s.web.servlet.DispatcherServlet        : Initializing Servlet 'dispatcherServlet'
2022-12-27T01:52:42.049+10:00  INFO 29247 --- [http-nio-8080-exec-1] o.s.web.servlet.DispatcherServlet        : Completed initialization in 4 ms
2022-12-27T01:52:43.918+10:00  INFO 29247 --- [http-nio-8080-exec-10] o.springdoc.api.AbstractOpenApiResource  : Init duration for springdoc-openapi is: 442 ms
2022-12-27T01:52:51.395+10:00  INFO 29247 --- [http-nio-8080-exec-1] c.m.apiservice.utils.JwtUtils            : Using key: secret
2022-12-27T01:52:51.396+10:00  INFO 29247 --- [http-nio-8080-exec-1] c.m.apiservice.utils.JwtUtils            : Authorities generated: [ROLE_MTM_USER]
2022-12-27T01:53:35.610+10:00  INFO 29247 --- [http-nio-8080-exec-2] c.m.apiservice.utils.JwtUtils            : Parsed claims: header={alg=HS512},body={authorities=[ROLE_MTM_USER], sub=string, iat=1672069971, exp=1672156371},signature=KIFKyYHc4tHDJm3p1AGAdbgK61zBTvTL4HuplRsxMHBbLlsgEJFh3BjP1oggbAabDD-h7pADpst7ZaHG9gZjQQ
2022-12-27T01:53:35.638+10:00  INFO 29247 --- [http-nio-8080-exec-2] e.MicroTimeManagementBadRequestException : MicroTimeManagementBadRequestException with, custom message: Invalid date value. Please supply date in correct format., original message Unparseable date: "string", at: class com.microtimemanagement.apiservice.service.impl.TimeRecordServiceImpl
2022-12-27T01:53:35.652+10:00 ERROR 29247 --- [http-nio-8080-exec-2] roTimeManagementResourceExceptionHandler : com.microtimemanagement.apiservice.service.impl.TimeRecordServiceImpl.processCreateUpdateRequest(TimeRecordServiceImpl.java:78)
com.microtimemanagement.apiservice.controller.TimeRecordController.saveRecord(TimeRecordController.java:36)
java.base/jdk.internal.reflect.NativeMethodAccessorImpl.invoke0(Native Method)
java.base/jdk.internal.reflect.NativeMethodAccessorImpl.invoke(NativeMethodAccessorImpl.java:77)
java.base/jdk.internal.reflect.DelegatingMethodAccessorImpl.invoke(DelegatingMethodAccessorImpl.java:43)
java.base/java.lang.reflect.Method.invoke(Method.java:568)
org.springframework.web.method.support.InvocableHandlerMethod.doInvoke(InvocableHandlerMethod.java:207)
org.springframework.web.method.support.InvocableHandlerMethod.invokeForRequest(InvocableHandlerMethod.java:152)
org.springframework.web.servlet.mvc.method.annotation.ServletInvocableHandlerMethod.invokeAndHandle(ServletInvocableHandlerMethod.java:117)
org.springframework.web.servlet.mvc.method.annotation.RequestMappingHandlerAdapter.invokeHandlerMethod(RequestMappingHandlerAdapter.java:884)
org.springframework.web.servlet.mvc.method.annotation.RequestMappingHandlerAdapter.handleInternal(RequestMappingHandlerAdapter.java:797)
org.springframework.web.servlet.mvc.method.AbstractHandlerMethodAdapter.handle(AbstractHandlerMethodAdapter.java:87)
org.springframework.web.servlet.DispatcherServlet.doDispatch(DispatcherServlet.java:1080)
org.springframework.web.servlet.DispatcherServlet.doService(DispatcherServlet.java:973)
org.springframework.web.servlet.FrameworkServlet.processRequest(FrameworkServlet.java:1003)
org.springframework.web.servlet.FrameworkServlet.doPost(FrameworkServlet.java:906)
jakarta.servlet.http.HttpServlet.service(HttpServlet.java:731)
org.springframework.web.servlet.FrameworkServlet.service(FrameworkServlet.java:880)
jakarta.servlet.http.HttpServlet.service(HttpServlet.java:814)
org.apache.catalina.core.ApplicationFilterChain.internalDoFilter(ApplicationFilterChain.java:223)
org.apache.catalina.core.ApplicationFilterChain.doFilter(ApplicationFilterChain.java:158)
org.apache.tomcat.websocket.server.WsFilter.doFilter(WsFilter.java:53)
org.apache.catalina.core.ApplicationFilterChain.internalDoFilter(ApplicationFilterChain.java:185)
org.apache.catalina.core.ApplicationFilterChain.doFilter(ApplicationFilterChain.java:158)
org.springframework.web.filter.OncePerRequestFilter.doFilter(OncePerRequestFilter.java:110)
org.apache.catalina.core.ApplicationFilterChain.internalDoFilter(ApplicationFilterChain.java:185)
org.apache.catalina.core.ApplicationFilterChain.doFilter(ApplicationFilterChain.java:158)
org.springframework.security.web.FilterChainProxy.lambda$doFilterInternal$3(FilterChainProxy.java:231)
org.springframework.security.web.ObservationFilterChainDecorator$FilterObservation$SimpleFilterObservation.lambda$wrap$1(ObservationFilterChainDecorator.java:397)
org.springframework.security.web.ObservationFilterChainDecorator$AroundFilterObservation$SimpleAroundFilterObservation.lambda$wrap$1(ObservationFilterChainDecorator.java:295)
org.springframework.security.web.ObservationFilterChainDecorator.lambda$wrapSecured$0(ObservationFilterChainDecorator.java:79)
org.springframework.security.web.ObservationFilterChainDecorator$VirtualFilterChain.doFilter(ObservationFilterChainDecorator.java:125)
org.springframework.security.web.access.intercept.AuthorizationFilter.doFilter(AuthorizationFilter.java:100)
org.springframework.security.web.ObservationFilterChainDecorator$ObservationFilter.wrapFilter(ObservationFilterChainDecorator.java:185)
org.springframework.security.web.ObservationFilterChainDecorator$ObservationFilter.doFilter(ObservationFilterChainDecorator.java:173)
org.springframework.security.web.ObservationFilterChainDecorator$VirtualFilterChain.doFilter(ObservationFilterChainDecorator.java:134)
org.springframework.security.web.access.ExceptionTranslationFilter.doFilter(ExceptionTranslationFilter.java:126)
org.springframework.security.web.access.ExceptionTranslationFilter.doFilter(ExceptionTranslationFilter.java:120)
org.springframework.security.web.ObservationFilterChainDecorator$ObservationFilter.wrapFilter(ObservationFilterChainDecorator.java:185)
org.springframework.security.web.ObservationFilterChainDecorator$ObservationFilter.doFilter(ObservationFilterChainDecorator.java:173)
org.springframework.security.web.ObservationFilterChainDecorator$VirtualFilterChain.doFilter(ObservationFilterChainDecorator.java:134)
org.springframework.security.web.session.SessionManagementFilter.doFilter(SessionManagementFilter.java:131)
org.springframework.security.web.session.SessionManagementFilter.doFilter(SessionManagementFilter.java:85)
org.springframework.security.web.ObservationFilterChainDecorator$ObservationFilter.wrapFilter(ObservationFilterChainDecorator.java:185)
org.springframework.security.web.ObservationFilterChainDecorator$ObservationFilter.doFilter(ObservationFilterChainDecorator.java:173)
org.springframework.security.web.ObservationFilterChainDecorator$VirtualFilterChain.doFilter(ObservationFilterChainDecorator.java:134)
org.springframework.security.web.authentication.AnonymousAuthenticationFilter.doFilter(AnonymousAuthenticationFilter.java:100)
org.springframework.security.web.ObservationFilterChainDecorator$ObservationFilter.wrapFilter(ObservationFilterChainDecorator.java:185)
org.springframework.security.web.ObservationFilterChainDecorator$ObservationFilter.doFilter(ObservationFilterChainDecorator.java:173)
org.springframework.security.web.ObservationFilterChainDecorator$VirtualFilterChain.doFilter(ObservationFilterChainDecorator.java:134)
org.springframework.security.web.servletapi.SecurityContextHolderAwareRequestFilter.doFilter(SecurityContextHolderAwareRequestFilter.java:179)
org.springframework.security.web.ObservationFilterChainDecorator$ObservationFilter.wrapFilter(ObservationFilterChainDecorator.java:185)
org.springframework.security.web.ObservationFilterChainDecorator$ObservationFilter.doFilter(ObservationFilterChainDecorator.java:173)
org.springframework.security.web.ObservationFilterChainDecorator$VirtualFilterChain.doFilter(ObservationFilterChainDecorator.java:134)
org.springframework.security.web.savedrequest.RequestCacheAwareFilter.doFilter(RequestCacheAwareFilter.java:63)
org.springframework.security.web.ObservationFilterChainDecorator$ObservationFilter.wrapFilter(ObservationFilterChainDecorator.java:185)
org.springframework.security.web.ObservationFilterChainDecorator$ObservationFilter.doFilter(ObservationFilterChainDecorator.java:173)
org.springframework.security.web.ObservationFilterChainDecorator$VirtualFilterChain.doFilter(ObservationFilterChainDecorator.java:134)
com.microtimemanagement.apiservice.filter.MtmSessionFilter.doFilterInternal(MtmSessionFilter.java:66)
org.springframework.web.filter.OncePerRequestFilter.doFilter(OncePerRequestFilter.java:116)
org.springframework.security.web.ObservationFilterChainDecorator$ObservationFilter.wrapFilter(ObservationFilterChainDecorator.java:185)
org.springframework.security.web.ObservationFilterChainDecorator$ObservationFilter.doFilter(ObservationFilterChainDecorator.java:173)
org.springframework.security.web.ObservationFilterChainDecorator$VirtualFilterChain.doFilter(ObservationFilterChainDecorator.java:134)
org.springframework.security.web.authentication.logout.LogoutFilter.doFilter(LogoutFilter.java:107)
org.springframework.security.web.authentication.logout.LogoutFilter.doFilter(LogoutFilter.java:93)
org.springframework.security.web.ObservationFilterChainDecorator$ObservationFilter.wrapFilter(ObservationFilterChainDecorator.java:185)
org.springframework.security.web.ObservationFilterChainDecorator$ObservationFilter.doFilter(ObservationFilterChainDecorator.java:173)
org.springframework.security.web.ObservationFilterChainDecorator$VirtualFilterChain.doFilter(ObservationFilterChainDecorator.java:134)
org.springframework.web.filter.CorsFilter.doFilterInternal(CorsFilter.java:91)
org.springframework.web.filter.OncePerRequestFilter.doFilter(OncePerRequestFilter.java:116)
org.springframework.security.web.ObservationFilterChainDecorator$ObservationFilter.wrapFilter(ObservationFilterChainDecorator.java:185)
org.springframework.security.web.ObservationFilterChainDecorator$ObservationFilter.doFilter(ObservationFilterChainDecorator.java:173)
org.springframework.security.web.ObservationFilterChainDecorator$VirtualFilterChain.doFilter(ObservationFilterChainDecorator.java:134)
org.springframework.security.web.header.HeaderWriterFilter.doHeadersAfter(HeaderWriterFilter.java:90)
org.springframework.security.web.header.HeaderWriterFilter.doFilterInternal(HeaderWriterFilter.java:75)
org.springframework.web.filter.OncePerRequestFilter.doFilter(OncePerRequestFilter.java:116)
org.springframework.security.web.ObservationFilterChainDecorator$ObservationFilter.wrapFilter(ObservationFilterChainDecorator.java:185)
org.springframework.security.web.ObservationFilterChainDecorator$ObservationFilter.doFilter(ObservationFilterChainDecorator.java:173)
org.springframework.security.web.ObservationFilterChainDecorator$VirtualFilterChain.doFilter(ObservationFilterChainDecorator.java:134)
org.springframework.security.web.context.SecurityContextHolderFilter.doFilterInternal(SecurityContextHolderFilter.java:69)
org.springframework.web.filter.OncePerRequestFilter.doFilter(OncePerRequestFilter.java:116)
org.springframework.security.web.ObservationFilterChainDecorator$ObservationFilter.wrapFilter(ObservationFilterChainDecorator.java:185)
org.springframework.security.web.ObservationFilterChainDecorator$ObservationFilter.doFilter(ObservationFilterChainDecorator.java:173)
org.springframework.security.web.ObservationFilterChainDecorator$VirtualFilterChain.doFilter(ObservationFilterChainDecorator.java:134)
org.springframework.security.web.context.request.async.WebAsyncManagerIntegrationFilter.doFilterInternal(WebAsyncManagerIntegrationFilter.java:62)
org.springframework.web.filter.OncePerRequestFilter.doFilter(OncePerRequestFilter.java:116)
org.springframework.security.web.ObservationFilterChainDecorator$ObservationFilter.wrapFilter(ObservationFilterChainDecorator.java:185)
org.springframework.security.web.ObservationFilterChainDecorator$ObservationFilter.doFilter(ObservationFilterChainDecorator.java:173)
org.springframework.security.web.ObservationFilterChainDecorator$VirtualFilterChain.doFilter(ObservationFilterChainDecorator.java:134)
org.springframework.security.web.session.DisableEncodeUrlFilter.doFilterInternal(DisableEncodeUrlFilter.java:42)
org.springframework.web.filter.OncePerRequestFilter.doFilter(OncePerRequestFilter.java:116)
org.springframework.security.web.ObservationFilterChainDecorator$ObservationFilter.wrapFilter(ObservationFilterChainDecorator.java:185)
org.springframework.security.web.ObservationFilterChainDecorator$AroundFilterObservation$SimpleAroundFilterObservation.lambda$wrap$0(ObservationFilterChainDecorator.java:278)
org.springframework.security.web.ObservationFilterChainDecorator$ObservationFilter.doFilter(ObservationFilterChainDecorator.java:170)
org.springframework.security.web.ObservationFilterChainDecorator$VirtualFilterChain.doFilter(ObservationFilterChainDecorator.java:134)
org.springframework.security.web.FilterChainProxy.doFilterInternal(FilterChainProxy.java:233)
org.springframework.security.web.FilterChainProxy.doFilter(FilterChainProxy.java:191)
org.springframework.web.filter.DelegatingFilterProxy.invokeDelegate(DelegatingFilterProxy.java:351)
org.springframework.web.filter.DelegatingFilterProxy.doFilter(DelegatingFilterProxy.java:267)
org.apache.catalina.core.ApplicationFilterChain.internalDoFilter(ApplicationFilterChain.java:185)
org.apache.catalina.core.ApplicationFilterChain.doFilter(ApplicationFilterChain.java:158)
org.springframework.web.filter.RequestContextFilter.doFilterInternal(RequestContextFilter.java:100)
org.springframework.web.filter.OncePerRequestFilter.doFilter(OncePerRequestFilter.java:116)
org.apache.catalina.core.ApplicationFilterChain.internalDoFilter(ApplicationFilterChain.java:185)
org.apache.catalina.core.ApplicationFilterChain.doFilter(ApplicationFilterChain.java:158)
org.springframework.web.filter.FormContentFilter.doFilterInternal(FormContentFilter.java:93)
org.springframework.web.filter.OncePerRequestFilter.doFilter(OncePerRequestFilter.java:116)
org.apache.catalina.core.ApplicationFilterChain.internalDoFilter(ApplicationFilterChain.java:185)
org.apache.catalina.core.ApplicationFilterChain.doFilter(ApplicationFilterChain.java:158)
org.springframework.web.filter.ServerHttpObservationFilter.doFilterInternal(ServerHttpObservationFilter.java:109)
org.springframework.web.filter.OncePerRequestFilter.doFilter(OncePerRequestFilter.java:116)
org.apache.catalina.core.ApplicationFilterChain.internalDoFilter(ApplicationFilterChain.java:185)
org.apache.catalina.core.ApplicationFilterChain.doFilter(ApplicationFilterChain.java:158)
org.springframework.web.filter.CharacterEncodingFilter.doFilterInternal(CharacterEncodingFilter.java:201)
org.springframework.web.filter.OncePerRequestFilter.doFilter(OncePerRequestFilter.java:116)
org.apache.catalina.core.ApplicationFilterChain.internalDoFilter(ApplicationFilterChain.java:185)
org.apache.catalina.core.ApplicationFilterChain.doFilter(ApplicationFilterChain.java:158)
org.apache.catalina.core.StandardWrapperValve.invoke(StandardWrapperValve.java:197)
org.apache.catalina.core.StandardContextValve.invoke(StandardContextValve.java:97)
org.apache.catalina.authenticator.AuthenticatorBase.invoke(AuthenticatorBase.java:542)
org.apache.catalina.core.StandardHostValve.invoke(StandardHostValve.java:119)
org.apache.catalina.valves.ErrorReportValve.invoke(ErrorReportValve.java:92)
org.apache.catalina.core.StandardEngineValve.invoke(StandardEngineValve.java:78)
org.apache.catalina.connector.CoyoteAdapter.service(CoyoteAdapter.java:357)
org.apache.coyote.http11.Http11Processor.service(Http11Processor.java:400)
org.apache.coyote.AbstractProcessorLight.process(AbstractProcessorLight.java:65)
org.apache.coyote.AbstractProtocol$ConnectionHandler.process(AbstractProtocol.java:861)
org.apache.tomcat.util.net.NioEndpoint$SocketProcessor.doRun(NioEndpoint.java:1739)
org.apache.tomcat.util.net.SocketProcessorBase.run(SocketProcessorBase.java:52)
org.apache.tomcat.util.threads.ThreadPoolExecutor.runWorker(ThreadPoolExecutor.java:1191)
org.apache.tomcat.util.threads.ThreadPoolExecutor$Worker.run(ThreadPoolExecutor.java:659)
org.apache.tomcat.util.threads.TaskThread$WrappingRunnable.run(TaskThread.java:61)
java.base/java.lang.Thread.run(Thread.java:833)

2022-12-27T01:53:47.071+10:00 ERROR 29247 --- [http-nio-8080-exec-7] roTimeManagementResourceExceptionHandler : com.microtimemanagement.apiservice.controller.AuthController.logoutUser(AuthController.java:36)
java.base/jdk.internal.reflect.NativeMethodAccessorImpl.invoke0(Native Method)
java.base/jdk.internal.reflect.NativeMethodAccessorImpl.invoke(NativeMethodAccessorImpl.java:77)
java.base/jdk.internal.reflect.DelegatingMethodAccessorImpl.invoke(DelegatingMethodAccessorImpl.java:43)
java.base/java.lang.reflect.Method.invoke(Method.java:568)
org.springframework.web.method.support.InvocableHandlerMethod.doInvoke(InvocableHandlerMethod.java:207)
org.springframework.web.method.support.InvocableHandlerMethod.invokeForRequest(InvocableHandlerMethod.java:152)
org.springframework.web.servlet.mvc.method.annotation.ServletInvocableHandlerMethod.invokeAndHandle(ServletInvocableHandlerMethod.java:117)
org.springframework.web.servlet.mvc.method.annotation.RequestMappingHandlerAdapter.invokeHandlerMethod(RequestMappingHandlerAdapter.java:884)
org.springframework.web.servlet.mvc.method.annotation.RequestMappingHandlerAdapter.handleInternal(RequestMappingHandlerAdapter.java:797)
org.springframework.web.servlet.mvc.method.AbstractHandlerMethodAdapter.handle(AbstractHandlerMethodAdapter.java:87)
org.springframework.web.servlet.DispatcherServlet.doDispatch(DispatcherServlet.java:1080)
org.springframework.web.servlet.DispatcherServlet.doService(DispatcherServlet.java:973)
org.springframework.web.servlet.FrameworkServlet.processRequest(FrameworkServlet.java:1003)
org.springframework.web.servlet.FrameworkServlet.doPost(FrameworkServlet.java:906)
jakarta.servlet.http.HttpServlet.service(HttpServlet.java:731)
org.springframework.web.servlet.FrameworkServlet.service(FrameworkServlet.java:880)
jakarta.servlet.http.HttpServlet.service(HttpServlet.java:814)
org.apache.catalina.core.ApplicationFilterChain.internalDoFilter(ApplicationFilterChain.java:223)
org.apache.catalina.core.ApplicationFilterChain.doFilter(ApplicationFilterChain.java:158)
org.apache.tomcat.websocket.server.WsFilter.doFilter(WsFilter.java:53)
org.apache.catalina.core.ApplicationFilterChain.internalDoFilter(ApplicationFilterChain.java:185)
org.apache.catalina.core.ApplicationFilterChain.doFilter(ApplicationFilterChain.java:158)
org.springframework.web.filter.OncePerRequestFilter.doFilter(OncePerRequestFilter.java:110)
org.apache.catalina.core.ApplicationFilterChain.internalDoFilter(ApplicationFilterChain.java:185)
org.apache.catalina.core.ApplicationFilterChain.doFilter(ApplicationFilterChain.java:158)
org.springframework.security.web.FilterChainProxy.lambda$doFilterInternal$3(FilterChainProxy.java:231)
org.springframework.security.web.ObservationFilterChainDecorator$FilterObservation$SimpleFilterObservation.lambda$wrap$1(ObservationFilterChainDecorator.java:397)
org.springframework.security.web.ObservationFilterChainDecorator$AroundFilterObservation$SimpleAroundFilterObservation.lambda$wrap$1(ObservationFilterChainDecorator.java:295)
org.springframework.security.web.ObservationFilterChainDecorator.lambda$wrapSecured$0(ObservationFilterChainDecorator.java:79)
org.springframework.security.web.ObservationFilterChainDecorator$VirtualFilterChain.doFilter(ObservationFilterChainDecorator.java:125)
org.springframework.security.web.access.intercept.AuthorizationFilter.doFilter(AuthorizationFilter.java:100)
org.springframework.security.web.ObservationFilterChainDecorator$ObservationFilter.wrapFilter(ObservationFilterChainDecorator.java:185)
org.springframework.security.web.ObservationFilterChainDecorator$ObservationFilter.doFilter(ObservationFilterChainDecorator.java:173)
org.springframework.security.web.ObservationFilterChainDecorator$VirtualFilterChain.doFilter(ObservationFilterChainDecorator.java:134)
org.springframework.security.web.access.ExceptionTranslationFilter.doFilter(ExceptionTranslationFilter.java:126)
org.springframework.security.web.access.ExceptionTranslationFilter.doFilter(ExceptionTranslationFilter.java:120)
org.springframework.security.web.ObservationFilterChainDecorator$ObservationFilter.wrapFilter(ObservationFilterChainDecorator.java:185)
org.springframework.security.web.ObservationFilterChainDecorator$ObservationFilter.doFilter(ObservationFilterChainDecorator.java:173)
org.springframework.security.web.ObservationFilterChainDecorator$VirtualFilterChain.doFilter(ObservationFilterChainDecorator.java:134)
org.springframework.security.web.session.SessionManagementFilter.doFilter(SessionManagementFilter.java:131)
org.springframework.security.web.session.SessionManagementFilter.doFilter(SessionManagementFilter.java:85)
org.springframework.security.web.ObservationFilterChainDecorator$ObservationFilter.wrapFilter(ObservationFilterChainDecorator.java:185)
org.springframework.security.web.ObservationFilterChainDecorator$ObservationFilter.doFilter(ObservationFilterChainDecorator.java:173)
org.springframework.security.web.ObservationFilterChainDecorator$VirtualFilterChain.doFilter(ObservationFilterChainDecorator.java:134)
org.springframework.security.web.authentication.AnonymousAuthenticationFilter.doFilter(AnonymousAuthenticationFilter.java:100)
org.springframework.security.web.ObservationFilterChainDecorator$ObservationFilter.wrapFilter(ObservationFilterChainDecorator.java:185)
org.springframework.security.web.ObservationFilterChainDecorator$ObservationFilter.doFilter(ObservationFilterChainDecorator.java:173)
org.springframework.security.web.ObservationFilterChainDecorator$VirtualFilterChain.doFilter(ObservationFilterChainDecorator.java:134)
org.springframework.security.web.servletapi.SecurityContextHolderAwareRequestFilter.doFilter(SecurityContextHolderAwareRequestFilter.java:179)
org.springframework.security.web.ObservationFilterChainDecorator$ObservationFilter.wrapFilter(ObservationFilterChainDecorator.java:185)
org.springframework.security.web.ObservationFilterChainDecorator$ObservationFilter.doFilter(ObservationFilterChainDecorator.java:173)
org.springframework.security.web.ObservationFilterChainDecorator$VirtualFilterChain.doFilter(ObservationFilterChainDecorator.java:134)
org.springframework.security.web.savedrequest.RequestCacheAwareFilter.doFilter(RequestCacheAwareFilter.java:63)
org.springframework.security.web.ObservationFilterChainDecorator$ObservationFilter.wrapFilter(ObservationFilterChainDecorator.java:185)
org.springframework.security.web.ObservationFilterChainDecorator$ObservationFilter.doFilter(ObservationFilterChainDecorator.java:173)
org.springframework.security.web.ObservationFilterChainDecorator$VirtualFilterChain.doFilter(ObservationFilterChainDecorator.java:134)
com.microtimemanagement.apiservice.filter.MtmSessionFilter.doFilterInternal(MtmSessionFilter.java:66)
org.springframework.web.filter.OncePerRequestFilter.doFilter(OncePerRequestFilter.java:116)
org.springframework.security.web.ObservationFilterChainDecorator$ObservationFilter.wrapFilter(ObservationFilterChainDecorator.java:185)
org.springframework.security.web.ObservationFilterChainDecorator$ObservationFilter.doFilter(ObservationFilterChainDecorator.java:173)
org.springframework.security.web.ObservationFilterChainDecorator$VirtualFilterChain.doFilter(ObservationFilterChainDecorator.java:134)
org.springframework.security.web.authentication.logout.LogoutFilter.doFilter(LogoutFilter.java:107)
org.springframework.security.web.authentication.logout.LogoutFilter.doFilter(LogoutFilter.java:93)
org.springframework.security.web.ObservationFilterChainDecorator$ObservationFilter.wrapFilter(ObservationFilterChainDecorator.java:185)
org.springframework.security.web.ObservationFilterChainDecorator$ObservationFilter.doFilter(ObservationFilterChainDecorator.java:173)
org.springframework.security.web.ObservationFilterChainDecorator$VirtualFilterChain.doFilter(ObservationFilterChainDecorator.java:134)
org.springframework.web.filter.CorsFilter.doFilterInternal(CorsFilter.java:91)
org.springframework.web.filter.OncePerRequestFilter.doFilter(OncePerRequestFilter.java:116)
org.springframework.security.web.ObservationFilterChainDecorator$ObservationFilter.wrapFilter(ObservationFilterChainDecorator.java:185)
org.springframework.security.web.ObservationFilterChainDecorator$ObservationFilter.doFilter(ObservationFilterChainDecorator.java:173)
org.springframework.security.web.ObservationFilterChainDecorator$VirtualFilterChain.doFilter(ObservationFilterChainDecorator.java:134)
org.springframework.security.web.header.HeaderWriterFilter.doHeadersAfter(HeaderWriterFilter.java:90)
org.springframework.security.web.header.HeaderWriterFilter.doFilterInternal(HeaderWriterFilter.java:75)
org.springframework.web.filter.OncePerRequestFilter.doFilter(OncePerRequestFilter.java:116)
org.springframework.security.web.ObservationFilterChainDecorator$ObservationFilter.wrapFilter(ObservationFilterChainDecorator.java:185)
org.springframework.security.web.ObservationFilterChainDecorator$ObservationFilter.doFilter(ObservationFilterChainDecorator.java:173)
org.springframework.security.web.ObservationFilterChainDecorator$VirtualFilterChain.doFilter(ObservationFilterChainDecorator.java:134)
org.springframework.security.web.context.SecurityContextHolderFilter.doFilterInternal(SecurityContextHolderFilter.java:69)
org.springframework.web.filter.OncePerRequestFilter.doFilter(OncePerRequestFilter.java:116)
org.springframework.security.web.ObservationFilterChainDecorator$ObservationFilter.wrapFilter(ObservationFilterChainDecorator.java:185)
org.springframework.security.web.ObservationFilterChainDecorator$ObservationFilter.doFilter(ObservationFilterChainDecorator.java:173)
org.springframework.security.web.ObservationFilterChainDecorator$VirtualFilterChain.doFilter(ObservationFilterChainDecorator.java:134)
org.springframework.security.web.context.request.async.WebAsyncManagerIntegrationFilter.doFilterInternal(WebAsyncManagerIntegrationFilter.java:62)
org.springframework.web.filter.OncePerRequestFilter.doFilter(OncePerRequestFilter.java:116)
org.springframework.security.web.ObservationFilterChainDecorator$ObservationFilter.wrapFilter(ObservationFilterChainDecorator.java:185)
org.springframework.security.web.ObservationFilterChainDecorator$ObservationFilter.doFilter(ObservationFilterChainDecorator.java:173)
org.springframework.security.web.ObservationFilterChainDecorator$VirtualFilterChain.doFilter(ObservationFilterChainDecorator.java:134)
org.springframework.security.web.session.DisableEncodeUrlFilter.doFilterInternal(DisableEncodeUrlFilter.java:42)
org.springframework.web.filter.OncePerRequestFilter.doFilter(OncePerRequestFilter.java:116)
org.springframework.security.web.ObservationFilterChainDecorator$ObservationFilter.wrapFilter(ObservationFilterChainDecorator.java:185)
org.springframework.security.web.ObservationFilterChainDecorator$AroundFilterObservation$SimpleAroundFilterObservation.lambda$wrap$0(ObservationFilterChainDecorator.java:278)
org.springframework.security.web.ObservationFilterChainDecorator$ObservationFilter.doFilter(ObservationFilterChainDecorator.java:170)
org.springframework.security.web.ObservationFilterChainDecorator$VirtualFilterChain.doFilter(ObservationFilterChainDecorator.java:134)
org.springframework.security.web.FilterChainProxy.doFilterInternal(FilterChainProxy.java:233)
org.springframework.security.web.FilterChainProxy.doFilter(FilterChainProxy.java:191)
org.springframework.web.filter.DelegatingFilterProxy.invokeDelegate(DelegatingFilterProxy.java:351)
org.springframework.web.filter.DelegatingFilterProxy.doFilter(DelegatingFilterProxy.java:267)
org.apache.catalina.core.ApplicationFilterChain.internalDoFilter(ApplicationFilterChain.java:185)
org.apache.catalina.core.ApplicationFilterChain.doFilter(ApplicationFilterChain.java:158)
org.springframework.web.filter.RequestContextFilter.doFilterInternal(RequestContextFilter.java:100)
org.springframework.web.filter.OncePerRequestFilter.doFilter(OncePerRequestFilter.java:116)
org.apache.catalina.core.ApplicationFilterChain.internalDoFilter(ApplicationFilterChain.java:185)
org.apache.catalina.core.ApplicationFilterChain.doFilter(ApplicationFilterChain.java:158)
org.springframework.web.filter.FormContentFilter.doFilterInternal(FormContentFilter.java:93)
org.springframework.web.filter.OncePerRequestFilter.doFilter(OncePerRequestFilter.java:116)
org.apache.catalina.core.ApplicationFilterChain.internalDoFilter(ApplicationFilterChain.java:185)
org.apache.catalina.core.ApplicationFilterChain.doFilter(ApplicationFilterChain.java:158)
org.springframework.web.filter.ServerHttpObservationFilter.doFilterInternal(ServerHttpObservationFilter.java:109)
org.springframework.web.filter.OncePerRequestFilter.doFilter(OncePerRequestFilter.java:116)
org.apache.catalina.core.ApplicationFilterChain.internalDoFilter(ApplicationFilterChain.java:185)
org.apache.catalina.core.ApplicationFilterChain.doFilter(ApplicationFilterChain.java:158)
org.springframework.web.filter.CharacterEncodingFilter.doFilterInternal(CharacterEncodingFilter.java:201)
org.springframework.web.filter.OncePerRequestFilter.doFilter(OncePerRequestFilter.java:116)
org.apache.catalina.core.ApplicationFilterChain.internalDoFilter(ApplicationFilterChain.java:185)
org.apache.catalina.core.ApplicationFilterChain.doFilter(ApplicationFilterChain.java:158)
org.apache.catalina.core.StandardWrapperValve.invoke(StandardWrapperValve.java:197)
org.apache.catalina.core.StandardContextValve.invoke(StandardContextValve.java:97)
org.apache.catalina.authenticator.AuthenticatorBase.invoke(AuthenticatorBase.java:542)
org.apache.catalina.core.StandardHostValve.invoke(StandardHostValve.java:119)
org.apache.catalina.valves.ErrorReportValve.invoke(ErrorReportValve.java:92)
org.apache.catalina.core.StandardEngineValve.invoke(StandardEngineValve.java:78)
org.apache.catalina.connector.CoyoteAdapter.service(CoyoteAdapter.java:357)
org.apache.coyote.http11.Http11Processor.service(Http11Processor.java:400)
org.apache.coyote.AbstractProcessorLight.process(AbstractProcessorLight.java:65)
org.apache.coyote.AbstractProtocol$ConnectionHandler.process(AbstractProtocol.java:861)
org.apache.tomcat.util.net.NioEndpoint$SocketProcessor.doRun(NioEndpoint.java:1739)
org.apache.tomcat.util.net.SocketProcessorBase.run(SocketProcessorBase.java:52)
org.apache.tomcat.util.threads.ThreadPoolExecutor.runWorker(ThreadPoolExecutor.java:1191)
org.apache.tomcat.util.threads.ThreadPoolExecutor$Worker.run(ThreadPoolExecutor.java:659)
org.apache.tomcat.util.threads.TaskThread$WrappingRunnable.run(TaskThread.java:61)
java.base/java.lang.Thread.run(Thread.java:833)

2022-12-27T01:54:39.986+10:00  INFO 29274 --- [main] c.m.apiservice.ApiServiceApplication     : Starting ApiServiceApplication using Java 17.0.5 with PID 29274 (/Users/vishal.dogra/Documents/Projects/MicroTimeManagement/backend/api-service/target/classes started by vishal.dogra in /Users/vishal.dogra/Documents/Projects/MicroTimeManagement/backend/api-service)
2022-12-27T01:54:39.988+10:00  INFO 29274 --- [main] c.m.apiservice.ApiServiceApplication     : No active profile set, falling back to 1 default profile: "default"
2022-12-27T01:54:40.485+10:00  INFO 29274 --- [main] .s.d.r.c.RepositoryConfigurationDelegate : Bootstrapping Spring Data MongoDB repositories in DEFAULT mode.
2022-12-27T01:54:40.515+10:00  INFO 29274 --- [main] .s.d.r.c.RepositoryConfigurationDelegate : Finished Spring Data repository scanning in 28 ms. Found 4 MongoDB repository interfaces.
2022-12-27T01:54:40.613+10:00  INFO 29274 --- [main] trationDelegate$BeanPostProcessorChecker : Bean 'authorityDefaults' of type [org.springframework.security.config.core.GrantedAuthorityDefaults] is not eligible for getting processed by all BeanPostProcessors (for example: not eligible for auto-proxying)
2022-12-27T01:54:40.742+10:00  INFO 29274 --- [main] o.s.b.w.embedded.tomcat.TomcatWebServer  : Tomcat initialized with port(s): 8080 (http)
2022-12-27T01:54:40.746+10:00  INFO 29274 --- [main] o.apache.catalina.core.StandardService   : Starting service [Tomcat]
2022-12-27T01:54:40.747+10:00  INFO 29274 --- [main] o.apache.catalina.core.StandardEngine    : Starting Servlet engine: [Apache Tomcat/10.1.1]
2022-12-27T01:54:40.782+10:00  INFO 29274 --- [main] o.a.c.c.C.[Tomcat].[localhost].[/mtm]    : Initializing Spring embedded WebApplicationContext
2022-12-27T01:54:40.782+10:00  INFO 29274 --- [main] w.s.c.ServletWebServerApplicationContext : Root WebApplicationContext: initialization completed in 764 ms
2022-12-27T01:54:41.161+10:00  INFO 29274 --- [main] org.mongodb.driver.client                : MongoClient with metadata {"driver": {"name": "mongo-java-driver|sync|spring-boot", "version": "4.8.0"}, "os": {"type": "Darwin", "name": "Mac OS X", "architecture": "aarch64", "version": "13.0.1"}, "platform": "Java/Azul Systems, Inc./17.0.5+8-LTS"} created with settings MongoClientSettings{readPreference=primary, writeConcern=WriteConcern{w=majority, wTimeout=null ms, journal=null}, retryWrites=true, retryReads=true, readConcern=ReadConcern{level=null}, credential=MongoCredential{mechanism=null, userName='spring_micro_time_manager', source='admin', password=<hidden>, mechanismProperties=<hidden>}, streamFactoryFactory=null, commandListeners=[io.micrometer.core.instrument.binder.mongodb.MongoMetricsCommandListener@5d7dd549], codecRegistry=ProvidersCodecRegistry{codecProviders=[ValueCodecProvider{}, BsonValueCodecProvider{}, DBRefCodecProvider{}, DBObjectCodecProvider{}, DocumentCodecProvider{}, CollectionCodecProvider{}, IterableCodecProvider{}, MapCodecProvider{}, GeoJsonCodecProvider{}, GridFSFileCodecProvider{}, Jsr310CodecProvider{}, JsonObjectCodecProvider{}, BsonCodecProvider{}, EnumCodecProvider{}, com.mongodb.Jep395RecordCodecProvider@486bd064]}, clusterSettings={hosts=[127.0.0.1:27017], srvHost=cluster-1.0nqvgu2.mongodb.net, srvServiceName=mongodb, mode=MULTIPLE, requiredClusterType=REPLICA_SET, requiredReplicaSetName='atlas-9rc71x-shard-0', serverSelector='null', clusterListeners='[]', serverSelectionTimeout='30000 ms', localThreshold='30000 ms'}, socketSettings=SocketSettings{connectTimeoutMS=10000, readTimeoutMS=0, receiveBufferSize=0, sendBufferSize=0}, heartbeatSocketSettings=SocketSettings{connectTimeoutMS=10000, readTimeoutMS=10000, receiveBufferSize=0, sendBufferSize=0}, connectionPoolSettings=ConnectionPoolSettings{maxSize=100, minSize=0, maxWaitTimeMS=120000, maxConnectionLifeTimeMS=0, maxConnectionIdleTimeMS=0, maintenanceInitialDelayMS=0, maintenanceFrequencyMS=60000, connectionPoolListeners=[io.micrometer.core.instrument.binder.mongodb.MongoMetricsConnectionPoolListener@6459f4ea], maxConnecting=2}, serverSettings=ServerSettings{heartbeatFrequencyMS=10000, minHeartbeatFrequencyMS=500, serverListeners='[]', serverMonitorListeners='[]'}, sslSettings=SslSettings{enabled=true, invalidHostNameAllowed=false, context=null}, applicationName='null', compressorList=[], uuidRepresentation=JAVA_LEGACY, serverApi=null, autoEncryptionSettings=null, contextProvider=null}
2022-12-27T01:54:41.366+10:00  INFO 29274 --- [cluster-ClusterId{value='63a9c3c18c130e04415904dd', description='null'}-srv-cluster-1.0nqvgu2.mongodb.net] org.mongodb.driver.cluster               : Adding discovered server ac-qdoa5md-shard-00-00.0nqvgu2.mongodb.net:27017 to client view of cluster
2022-12-27T01:54:41.379+10:00  INFO 29274 --- [cluster-ClusterId{value='63a9c3c18c130e04415904dd', description='null'}-srv-cluster-1.0nqvgu2.mongodb.net] org.mongodb.driver.cluster               : Adding discovered server ac-qdoa5md-shard-00-02.0nqvgu2.mongodb.net:27017 to client view of cluster
2022-12-27T01:54:41.380+10:00  INFO 29274 --- [cluster-ClusterId{value='63a9c3c18c130e04415904dd', description='null'}-srv-cluster-1.0nqvgu2.mongodb.net] org.mongodb.driver.cluster               : Adding discovered server ac-qdoa5md-shard-00-01.0nqvgu2.mongodb.net:27017 to client view of cluster
2022-12-27T01:54:41.594+10:00  INFO 29274 --- [main] o.s.b.a.e.web.EndpointLinksResolver      : Exposing 1 endpoint(s) beneath base path '/actuator'
2022-12-27T01:54:41.930+10:00  INFO 29274 --- [cluster-ClusterId{value='63a9c3c18c130e04415904dd', description='null'}-ac-qdoa5md-shard-00-00.0nqvgu2.mongodb.net:27017] org.mongodb.driver.cluster               : Monitor thread successfully connected to server with description ServerDescription{address=ac-qdoa5md-shard-00-00.0nqvgu2.mongodb.net:27017, type=REPLICA_SET_SECONDARY, state=CONNECTED, ok=true, minWireVersion=0, maxWireVersion=13, maxDocumentSize=16777216, logicalSessionTimeoutMinutes=30, roundTripTimeNanos=203465875, setName='atlas-9rc71x-shard-0', canonicalAddress=ac-qdoa5md-shard-00-00.0nqvgu2.mongodb.net:27017, hosts=[ac-qdoa5md-shard-00-01.0nqvgu2.mongodb.net:27017, ac-qdoa5md-shard-00-02.0nqvgu2.mongodb.net:27017, ac-qdoa5md-shard-00-00.0nqvgu2.mongodb.net:27017], passives=[], arbiters=[], primary='ac-qdoa5md-shard-00-02.0nqvgu2.mongodb.net:27017', tagSet=TagSet{[Tag{name='nodeType', value='ELECTABLE'}, Tag{name='provider', value='AWS'}, Tag{name='region', value='AP_SOUTHEAST_2'}, Tag{name='workloadType', value='OPERATIONAL'}]}, electionId=null, setVersion=7, topologyVersion=TopologyVersion{processId=637bdc717fad65cabd5e28ae, counter=5}, lastWriteDate=Tue Dec 27 01:54:42 AEST 2022, lastUpdateTimeNanos=505832618977541}
2022-12-27T01:54:41.931+10:00  INFO 29274 --- [cluster-ClusterId{value='63a9c3c18c130e04415904dd', description='null'}-ac-qdoa5md-shard-00-01.0nqvgu2.mongodb.net:27017] org.mongodb.driver.cluster               : Monitor thread successfully connected to server with description ServerDescription{address=ac-qdoa5md-shard-00-01.0nqvgu2.mongodb.net:27017, type=REPLICA_SET_SECONDARY, state=CONNECTED, ok=true, minWireVersion=0, maxWireVersion=13, maxDocumentSize=16777216, logicalSessionTimeoutMinutes=30, roundTripTimeNanos=203295833, setName='atlas-9rc71x-shard-0', canonicalAddress=ac-qdoa5md-shard-00-01.0nqvgu2.mongodb.net:27017, hosts=[ac-qdoa5md-shard-00-01.0nqvgu2.mongodb.net:27017, ac-qdoa5md-shard-00-02.0nqvgu2.mongodb.net:27017, ac-qdoa5md-shard-00-00.0nqvgu2.mongodb.net:27017], passives=[], arbiters=[], primary='ac-qdoa5md-shard-00-02.0nqvgu2.mongodb.net:27017', tagSet=TagSet{[Tag{name='nodeType', value='ELECTABLE'}, Tag{name='provider', value='AWS'}, Tag{name='region', value='AP_SOUTHEAST_2'}, Tag{name='workloadType', value='OPERATIONAL'}]}, electionId=null, setVersion=7, topologyVersion=TopologyVersion{processId=637bdf250b281ae46cfb3a13, counter=3}, lastWriteDate=Tue Dec 27 01:54:42 AEST 2022, lastUpdateTimeNanos=505832618788416}
2022-12-27T01:54:41.932+10:00  INFO 29274 --- [cluster-ClusterId{value='63a9c3c18c130e04415904dd', description='null'}-ac-qdoa5md-shard-00-02.0nqvgu2.mongodb.net:27017] org.mongodb.driver.cluster               : Monitor thread successfully connected to server with description ServerDescription{address=ac-qdoa5md-shard-00-02.0nqvgu2.mongodb.net:27017, type=REPLICA_SET_PRIMARY, state=CONNECTED, ok=true, minWireVersion=0, maxWireVersion=13, maxDocumentSize=16777216, logicalSessionTimeoutMinutes=30, roundTripTimeNanos=202827167, setName='atlas-9rc71x-shard-0', canonicalAddress=ac-qdoa5md-shard-00-02.0nqvgu2.mongodb.net:27017, hosts=[ac-qdoa5md-shard-00-01.0nqvgu2.mongodb.net:27017, ac-qdoa5md-shard-00-02.0nqvgu2.mongodb.net:27017, ac-qdoa5md-shard-00-00.0nqvgu2.mongodb.net:27017], passives=[], arbiters=[], primary='ac-qdoa5md-shard-00-02.0nqvgu2.mongodb.net:27017', tagSet=TagSet{[Tag{name='nodeType', value='ELECTABLE'}, Tag{name='provider', value='AWS'}, Tag{name='region', value='AP_SOUTHEAST_2'}, Tag{name='workloadType', value='OPERATIONAL'}]}, electionId=7fffffff0000000000000056, setVersion=7, topologyVersion=TopologyVersion{processId=637bddcac20996e771c03241, counter=6}, lastWriteDate=Tue Dec 27 01:54:42 AEST 2022, lastUpdateTimeNanos=505832618349333}
2022-12-27T01:54:41.936+10:00  INFO 29274 --- [cluster-ClusterId{value='63a9c3c18c130e04415904dd', description='null'}-ac-qdoa5md-shard-00-02.0nqvgu2.mongodb.net:27017] org.mongodb.driver.cluster               : Discovered replica set primary ac-qdoa5md-shard-00-02.0nqvgu2.mongodb.net:27017 with max election id 7fffffff0000000000000056 and max set version 7
2022-12-27T01:54:41.982+10:00  INFO 29274 --- [main] o.s.s.web.DefaultSecurityFilterChain     : Will secure any request with [org.springframework.security.web.session.DisableEncodeUrlFilter@1fc5c0b2, org.springframework.security.web.context.request.async.WebAsyncManagerIntegrationFilter@45ad3cd8, org.springframework.security.web.context.SecurityContextHolderFilter@35af52dc, org.springframework.security.web.header.HeaderWriterFilter@69d7bc1a, org.springframework.web.filter.CorsFilter@2b90cc1, org.springframework.security.web.authentication.logout.LogoutFilter@66314fee, com.microtimemanagement.apiservice.filter.MtmSessionFilter@17b6ad97, org.springframework.security.web.savedrequest.RequestCacheAwareFilter@4213bc3e, org.springframework.security.web.servletapi.SecurityContextHolderAwareRequestFilter@773f3360, org.springframework.security.web.authentication.AnonymousAuthenticationFilter@5a2f401a, org.springframework.security.web.session.SessionManagementFilter@236b4a44, org.springframework.security.web.access.ExceptionTranslationFilter@369a95a5, org.springframework.security.web.access.intercept.AuthorizationFilter@1b98355f]
2022-12-27T01:54:42.184+10:00  INFO 29274 --- [main] o.s.b.w.embedded.tomcat.TomcatWebServer  : Tomcat started on port(s): 8080 (http) with context path '/mtm'
2022-12-27T01:54:42.193+10:00  INFO 29274 --- [main] c.m.apiservice.ApiServiceApplication     : Started ApiServiceApplication in 2.422 seconds (process running for 2.749)
2022-12-27T01:54:42.858+10:00  INFO 29274 --- [http-nio-8080-exec-1] o.a.c.c.C.[Tomcat].[localhost].[/mtm]    : Initializing Spring DispatcherServlet 'dispatcherServlet'
2022-12-27T01:54:42.860+10:00  INFO 29274 --- [http-nio-8080-exec-1] o.s.web.servlet.DispatcherServlet        : Initializing Servlet 'dispatcherServlet'
2022-12-27T01:54:42.865+10:00  INFO 29274 --- [http-nio-8080-exec-1] o.s.web.servlet.DispatcherServlet        : Completed initialization in 5 ms
2022-12-27T01:54:44.928+10:00  INFO 29274 --- [http-nio-8080-exec-10] o.springdoc.api.AbstractOpenApiResource  : Init duration for springdoc-openapi is: 712 ms
2022-12-27T01:55:00.635+10:00  INFO 29274 --- [http-nio-8080-exec-1] c.m.apiservice.utils.JwtUtils            : Parsed claims: header={alg=HS512},body={authorities=[ROLE_MTM_USER], sub=string, iat=1672069971, exp=1672156371},signature=KIFKyYHc4tHDJm3p1AGAdbgK61zBTvTL4HuplRsxMHBbLlsgEJFh3BjP1oggbAabDD-h7pADpst7ZaHG9gZjQQ
2022-12-27T02:11:49.198+10:00  INFO 29466 --- [main] c.m.apiservice.ApiServiceApplication     : Starting ApiServiceApplication using Java 17.0.5 with PID 29466 (/Users/vishal.dogra/Documents/Projects/MicroTimeManagement/backend/api-service/target/classes started by vishal.dogra in /Users/vishal.dogra/Documents/Projects/MicroTimeManagement/backend/api-service)
2022-12-27T02:11:49.200+10:00  INFO 29466 --- [main] c.m.apiservice.ApiServiceApplication     : No active profile set, falling back to 1 default profile: "default"
2022-12-27T02:11:49.717+10:00  INFO 29466 --- [main] .s.d.r.c.RepositoryConfigurationDelegate : Bootstrapping Spring Data MongoDB repositories in DEFAULT mode.
2022-12-27T02:11:49.750+10:00  INFO 29466 --- [main] .s.d.r.c.RepositoryConfigurationDelegate : Finished Spring Data repository scanning in 30 ms. Found 4 MongoDB repository interfaces.
2022-12-27T02:11:49.851+10:00  INFO 29466 --- [main] trationDelegate$BeanPostProcessorChecker : Bean 'authorityDefaults' of type [org.springframework.security.config.core.GrantedAuthorityDefaults] is not eligible for getting processed by all BeanPostProcessors (for example: not eligible for auto-proxying)
2022-12-27T02:11:49.984+10:00  INFO 29466 --- [main] o.s.b.w.embedded.tomcat.TomcatWebServer  : Tomcat initialized with port(s): 8080 (http)
2022-12-27T02:11:49.990+10:00  INFO 29466 --- [main] o.apache.catalina.core.StandardService   : Starting service [Tomcat]
2022-12-27T02:11:49.990+10:00  INFO 29466 --- [main] o.apache.catalina.core.StandardEngine    : Starting Servlet engine: [Apache Tomcat/10.1.1]
2022-12-27T02:11:50.035+10:00  INFO 29466 --- [main] o.a.c.c.C.[Tomcat].[localhost].[/mtm]    : Initializing Spring embedded WebApplicationContext
2022-12-27T02:11:50.036+10:00  INFO 29466 --- [main] w.s.c.ServletWebServerApplicationContext : Root WebApplicationContext: initialization completed in 811 ms
2022-12-27T02:11:50.571+10:00  INFO 29466 --- [main] org.mongodb.driver.client                : MongoClient with metadata {"driver": {"name": "mongo-java-driver|sync|spring-boot", "version": "4.8.0"}, "os": {"type": "Darwin", "name": "Mac OS X", "architecture": "aarch64", "version": "13.0.1"}, "platform": "Java/Azul Systems, Inc./17.0.5+8-LTS"} created with settings MongoClientSettings{readPreference=primary, writeConcern=WriteConcern{w=majority, wTimeout=null ms, journal=null}, retryWrites=true, retryReads=true, readConcern=ReadConcern{level=null}, credential=MongoCredential{mechanism=null, userName='spring_micro_time_manager', source='admin', password=<hidden>, mechanismProperties=<hidden>}, streamFactoryFactory=null, commandListeners=[io.micrometer.core.instrument.binder.mongodb.MongoMetricsCommandListener@5111de7c], codecRegistry=ProvidersCodecRegistry{codecProviders=[ValueCodecProvider{}, BsonValueCodecProvider{}, DBRefCodecProvider{}, DBObjectCodecProvider{}, DocumentCodecProvider{}, CollectionCodecProvider{}, IterableCodecProvider{}, MapCodecProvider{}, GeoJsonCodecProvider{}, GridFSFileCodecProvider{}, Jsr310CodecProvider{}, JsonObjectCodecProvider{}, BsonCodecProvider{}, EnumCodecProvider{}, com.mongodb.Jep395RecordCodecProvider@7ac48e10]}, clusterSettings={hosts=[127.0.0.1:27017], srvHost=cluster-1.0nqvgu2.mongodb.net, srvServiceName=mongodb, mode=MULTIPLE, requiredClusterType=REPLICA_SET, requiredReplicaSetName='atlas-9rc71x-shard-0', serverSelector='null', clusterListeners='[]', serverSelectionTimeout='30000 ms', localThreshold='30000 ms'}, socketSettings=SocketSettings{connectTimeoutMS=10000, readTimeoutMS=0, receiveBufferSize=0, sendBufferSize=0}, heartbeatSocketSettings=SocketSettings{connectTimeoutMS=10000, readTimeoutMS=10000, receiveBufferSize=0, sendBufferSize=0}, connectionPoolSettings=ConnectionPoolSettings{maxSize=100, minSize=0, maxWaitTimeMS=120000, maxConnectionLifeTimeMS=0, maxConnectionIdleTimeMS=0, maintenanceInitialDelayMS=0, maintenanceFrequencyMS=60000, connectionPoolListeners=[io.micrometer.core.instrument.binder.mongodb.MongoMetricsConnectionPoolListener@52354202], maxConnecting=2}, serverSettings=ServerSettings{heartbeatFrequencyMS=10000, minHeartbeatFrequencyMS=500, serverListeners='[]', serverMonitorListeners='[]'}, sslSettings=SslSettings{enabled=true, invalidHostNameAllowed=false, context=null}, applicationName='null', compressorList=[], uuidRepresentation=JAVA_LEGACY, serverApi=null, autoEncryptionSettings=null, contextProvider=null}
2022-12-27T02:11:50.876+10:00  INFO 29466 --- [cluster-ClusterId{value='63a9c7c6509e8b592eb6cbee', description='null'}-srv-cluster-1.0nqvgu2.mongodb.net] org.mongodb.driver.cluster               : Adding discovered server ac-qdoa5md-shard-00-00.0nqvgu2.mongodb.net:27017 to client view of cluster
2022-12-27T02:11:50.897+10:00  INFO 29466 --- [cluster-ClusterId{value='63a9c7c6509e8b592eb6cbee', description='null'}-srv-cluster-1.0nqvgu2.mongodb.net] org.mongodb.driver.cluster               : Adding discovered server ac-qdoa5md-shard-00-02.0nqvgu2.mongodb.net:27017 to client view of cluster
2022-12-27T02:11:50.898+10:00  INFO 29466 --- [cluster-ClusterId{value='63a9c7c6509e8b592eb6cbee', description='null'}-srv-cluster-1.0nqvgu2.mongodb.net] org.mongodb.driver.cluster               : Adding discovered server ac-qdoa5md-shard-00-01.0nqvgu2.mongodb.net:27017 to client view of cluster
2022-12-27T02:11:51.173+10:00  INFO 29466 --- [main] o.s.b.a.e.web.EndpointLinksResolver      : Exposing 1 endpoint(s) beneath base path '/actuator'
2022-12-27T02:11:51.523+10:00  INFO 29466 --- [main] o.s.s.web.DefaultSecurityFilterChain     : Will secure any request with [org.springframework.security.web.session.DisableEncodeUrlFilter@d2cb2d0, org.springframework.security.web.context.request.async.WebAsyncManagerIntegrationFilter@2d230cff, org.springframework.security.web.context.SecurityContextHolderFilter@4e10a320, org.springframework.security.web.header.HeaderWriterFilter@6f4adaab, org.springframework.web.filter.CorsFilter@30bd39d5, org.springframework.security.web.authentication.logout.LogoutFilter@2cdb5974, com.microtimemanagement.apiservice.filter.MtmSessionFilter@1736c1e4, org.springframework.security.web.savedrequest.RequestCacheAwareFilter@352c3d70, org.springframework.security.web.servletapi.SecurityContextHolderAwareRequestFilter@f793f15, org.springframework.security.web.authentication.AnonymousAuthenticationFilter@3c87e851, org.springframework.security.web.session.SessionManagementFilter@6aaa678d, org.springframework.security.web.access.ExceptionTranslationFilter@210d3a42, org.springframework.security.web.access.intercept.AuthorizationFilter@5a2f401a]
2022-12-27T02:11:51.770+10:00  INFO 29466 --- [main] o.s.b.w.embedded.tomcat.TomcatWebServer  : Tomcat started on port(s): 8080 (http) with context path '/mtm'
2022-12-27T02:11:51.781+10:00  INFO 29466 --- [main] c.m.apiservice.ApiServiceApplication     : Started ApiServiceApplication in 2.777 seconds (process running for 3.383)
2022-12-27T02:11:51.813+10:00  INFO 29466 --- [main] org.mongodb.driver.cluster               : No server chosen by com.mongodb.client.internal.MongoClientDelegate$1@77ec9fdb from cluster description ClusterDescription{type=REPLICA_SET, connectionMode=MULTIPLE, serverDescriptions=[ServerDescription{address=ac-qdoa5md-shard-00-01.0nqvgu2.mongodb.net:27017, type=UNKNOWN, state=CONNECTING}, ServerDescription{address=ac-qdoa5md-shard-00-00.0nqvgu2.mongodb.net:27017, type=UNKNOWN, state=CONNECTING}, ServerDescription{address=ac-qdoa5md-shard-00-02.0nqvgu2.mongodb.net:27017, type=UNKNOWN, state=CONNECTING}]}. Waiting for 30000 ms before timing out
2022-12-27T02:11:51.889+10:00  INFO 29466 --- [cluster-ClusterId{value='63a9c7c6509e8b592eb6cbee', description='null'}-ac-qdoa5md-shard-00-00.0nqvgu2.mongodb.net:27017] org.mongodb.driver.cluster               : Monitor thread successfully connected to server with description ServerDescription{address=ac-qdoa5md-shard-00-00.0nqvgu2.mongodb.net:27017, type=REPLICA_SET_SECONDARY, state=CONNECTED, ok=true, minWireVersion=0, maxWireVersion=13, maxDocumentSize=16777216, logicalSessionTimeoutMinutes=30, roundTripTimeNanos=313096625, setName='atlas-9rc71x-shard-0', canonicalAddress=ac-qdoa5md-shard-00-00.0nqvgu2.mongodb.net:27017, hosts=[ac-qdoa5md-shard-00-01.0nqvgu2.mongodb.net:27017, ac-qdoa5md-shard-00-02.0nqvgu2.mongodb.net:27017, ac-qdoa5md-shard-00-00.0nqvgu2.mongodb.net:27017], passives=[], arbiters=[], primary='ac-qdoa5md-shard-00-02.0nqvgu2.mongodb.net:27017', tagSet=TagSet{[Tag{name='nodeType', value='ELECTABLE'}, Tag{name='provider', value='AWS'}, Tag{name='region', value='AP_SOUTHEAST_2'}, Tag{name='workloadType', value='OPERATIONAL'}]}, electionId=null, setVersion=7, topologyVersion=TopologyVersion{processId=637bdc717fad65cabd5e28ae, counter=5}, lastWriteDate=Tue Dec 27 02:11:51 AEST 2022, lastUpdateTimeNanos=506862589893291}
2022-12-27T02:11:51.889+10:00  INFO 29466 --- [cluster-ClusterId{value='63a9c7c6509e8b592eb6cbee', description='null'}-ac-qdoa5md-shard-00-01.0nqvgu2.mongodb.net:27017] org.mongodb.driver.cluster               : Monitor thread successfully connected to server with description ServerDescription{address=ac-qdoa5md-shard-00-01.0nqvgu2.mongodb.net:27017, type=REPLICA_SET_SECONDARY, state=CONNECTED, ok=true, minWireVersion=0, maxWireVersion=13, maxDocumentSize=16777216, logicalSessionTimeoutMinutes=30, roundTripTimeNanos=371518583, setName='atlas-9rc71x-shard-0', canonicalAddress=ac-qdoa5md-shard-00-01.0nqvgu2.mongodb.net:27017, hosts=[ac-qdoa5md-shard-00-01.0nqvgu2.mongodb.net:27017, ac-qdoa5md-shard-00-02.0nqvgu2.mongodb.net:27017, ac-qdoa5md-shard-00-00.0nqvgu2.mongodb.net:27017], passives=[], arbiters=[], primary='ac-qdoa5md-shard-00-02.0nqvgu2.mongodb.net:27017', tagSet=TagSet{[Tag{name='nodeType', value='ELECTABLE'}, Tag{name='provider', value='AWS'}, Tag{name='region', value='AP_SOUTHEAST_2'}, Tag{name='workloadType', value='OPERATIONAL'}]}, electionId=null, setVersion=7, topologyVersion=TopologyVersion{processId=637bdf250b281ae46cfb3a13, counter=3}, lastWriteDate=Tue Dec 27 02:11:51 AEST 2022, lastUpdateTimeNanos=506862589972125}
2022-12-27T02:11:51.897+10:00  INFO 29466 --- [main] org.mongodb.driver.cluster               : No server chosen by ReadPreferenceServerSelector{readPreference=primary} from cluster description ClusterDescription{type=REPLICA_SET, connectionMode=MULTIPLE, serverDescriptions=[ServerDescription{address=ac-qdoa5md-shard-00-01.0nqvgu2.mongodb.net:27017, type=REPLICA_SET_SECONDARY, state=CONNECTED, ok=true, minWireVersion=0, maxWireVersion=13, maxDocumentSize=16777216, logicalSessionTimeoutMinutes=30, roundTripTimeNanos=371518583, setName='atlas-9rc71x-shard-0', canonicalAddress=ac-qdoa5md-shard-00-01.0nqvgu2.mongodb.net:27017, hosts=[ac-qdoa5md-shard-00-01.0nqvgu2.mongodb.net:27017, ac-qdoa5md-shard-00-02.0nqvgu2.mongodb.net:27017, ac-qdoa5md-shard-00-00.0nqvgu2.mongodb.net:27017], passives=[], arbiters=[], primary='ac-qdoa5md-shard-00-02.0nqvgu2.mongodb.net:27017', tagSet=TagSet{[Tag{name='nodeType', value='ELECTABLE'}, Tag{name='provider', value='AWS'}, Tag{name='region', value='AP_SOUTHEAST_2'}, Tag{name='workloadType', value='OPERATIONAL'}]}, electionId=null, setVersion=7, topologyVersion=TopologyVersion{processId=637bdf250b281ae46cfb3a13, counter=3}, lastWriteDate=Tue Dec 27 02:11:51 AEST 2022, lastUpdateTimeNanos=506862589972125}, ServerDescription{address=ac-qdoa5md-shard-00-00.0nqvgu2.mongodb.net:27017, type=REPLICA_SET_SECONDARY, state=CONNECTED, ok=true, minWireVersion=0, maxWireVersion=13, maxDocumentSize=16777216, logicalSessionTimeoutMinutes=30, roundTripTimeNanos=313096625, setName='atlas-9rc71x-shard-0', canonicalAddress=ac-qdoa5md-shard-00-00.0nqvgu2.mongodb.net:27017, hosts=[ac-qdoa5md-shard-00-01.0nqvgu2.mongodb.net:27017, ac-qdoa5md-shard-00-02.0nqvgu2.mongodb.net:27017, ac-qdoa5md-shard-00-00.0nqvgu2.mongodb.net:27017], passives=[], arbiters=[], primary='ac-qdoa5md-shard-00-02.0nqvgu2.mongodb.net:27017', tagSet=TagSet{[Tag{name='nodeType', value='ELECTABLE'}, Tag{name='provider', value='AWS'}, Tag{name='region', value='AP_SOUTHEAST_2'}, Tag{name='workloadType', value='OPERATIONAL'}]}, electionId=null, setVersion=7, topologyVersion=TopologyVersion{processId=637bdc717fad65cabd5e28ae, counter=5}, lastWriteDate=Tue Dec 27 02:11:51 AEST 2022, lastUpdateTimeNanos=506862589893291}, ServerDescription{address=ac-qdoa5md-shard-00-02.0nqvgu2.mongodb.net:27017, type=UNKNOWN, state=CONNECTING}]}. Waiting for 30000 ms before timing out
2022-12-27T02:11:52.051+10:00  INFO 29466 --- [cluster-ClusterId{value='63a9c7c6509e8b592eb6cbee', description='null'}-ac-qdoa5md-shard-00-02.0nqvgu2.mongodb.net:27017] org.mongodb.driver.cluster               : Monitor thread successfully connected to server with description ServerDescription{address=ac-qdoa5md-shard-00-02.0nqvgu2.mongodb.net:27017, type=REPLICA_SET_PRIMARY, state=CONNECTED, ok=true, minWireVersion=0, maxWireVersion=13, maxDocumentSize=16777216, logicalSessionTimeoutMinutes=30, roundTripTimeNanos=171052416, setName='atlas-9rc71x-shard-0', canonicalAddress=ac-qdoa5md-shard-00-02.0nqvgu2.mongodb.net:27017, hosts=[ac-qdoa5md-shard-00-01.0nqvgu2.mongodb.net:27017, ac-qdoa5md-shard-00-02.0nqvgu2.mongodb.net:27017, ac-qdoa5md-shard-00-00.0nqvgu2.mongodb.net:27017], passives=[], arbiters=[], primary='ac-qdoa5md-shard-00-02.0nqvgu2.mongodb.net:27017', tagSet=TagSet{[Tag{name='nodeType', value='ELECTABLE'}, Tag{name='provider', value='AWS'}, Tag{name='region', value='AP_SOUTHEAST_2'}, Tag{name='workloadType', value='OPERATIONAL'}]}, electionId=7fffffff0000000000000056, setVersion=7, topologyVersion=TopologyVersion{processId=637bddcac20996e771c03241, counter=6}, lastWriteDate=Tue Dec 27 02:11:52 AEST 2022, lastUpdateTimeNanos=506862752673958}
2022-12-27T02:11:52.051+10:00  INFO 29466 --- [cluster-ClusterId{value='63a9c7c6509e8b592eb6cbee', description='null'}-ac-qdoa5md-shard-00-02.0nqvgu2.mongodb.net:27017] org.mongodb.driver.cluster               : Discovered replica set primary ac-qdoa5md-shard-00-02.0nqvgu2.mongodb.net:27017 with max election id 7fffffff0000000000000056 and max set version 7
2022-12-27T02:11:55.875+10:00  INFO 29466 --- [http-nio-8080-exec-1] o.a.c.c.C.[Tomcat].[localhost].[/mtm]    : Initializing Spring DispatcherServlet 'dispatcherServlet'
2022-12-27T02:11:55.886+10:00  INFO 29466 --- [http-nio-8080-exec-1] o.s.web.servlet.DispatcherServlet        : Initializing Servlet 'dispatcherServlet'
2022-12-27T02:11:55.927+10:00  INFO 29466 --- [http-nio-8080-exec-1] o.s.web.servlet.DispatcherServlet        : Completed initialization in 38 ms
2022-12-27T02:11:57.522+10:00  INFO 29466 --- [http-nio-8080-exec-10] o.springdoc.api.AbstractOpenApiResource  : Init duration for springdoc-openapi is: 269 ms
2022-12-27T02:12:04.608+10:00  INFO 29466 --- [http-nio-8080-exec-1] c.m.apiservice.utils.JwtUtils            : Using key: secret
2022-12-27T02:12:04.609+10:00  INFO 29466 --- [http-nio-8080-exec-1] c.m.apiservice.utils.JwtUtils            : Authorities generated: [ROLE_MTM_USER]
2022-12-27T02:12:57.686+10:00 ERROR 29466 --- [http-nio-8080-exec-6] roTimeManagementResourceExceptionHandler : com.microtimemanagement.apiservice.controller.AuthController.logoutUser(AuthController.java:38)
java.base/jdk.internal.reflect.NativeMethodAccessorImpl.invoke0(Native Method)
java.base/jdk.internal.reflect.NativeMethodAccessorImpl.invoke(NativeMethodAccessorImpl.java:77)
java.base/jdk.internal.reflect.DelegatingMethodAccessorImpl.invoke(DelegatingMethodAccessorImpl.java:43)
java.base/java.lang.reflect.Method.invoke(Method.java:568)
org.springframework.web.method.support.InvocableHandlerMethod.doInvoke(InvocableHandlerMethod.java:207)
org.springframework.web.method.support.InvocableHandlerMethod.invokeForRequest(InvocableHandlerMethod.java:152)
org.springframework.web.servlet.mvc.method.annotation.ServletInvocableHandlerMethod.invokeAndHandle(ServletInvocableHandlerMethod.java:117)
org.springframework.web.servlet.mvc.method.annotation.RequestMappingHandlerAdapter.invokeHandlerMethod(RequestMappingHandlerAdapter.java:884)
org.springframework.web.servlet.mvc.method.annotation.RequestMappingHandlerAdapter.handleInternal(RequestMappingHandlerAdapter.java:797)
org.springframework.web.servlet.mvc.method.AbstractHandlerMethodAdapter.handle(AbstractHandlerMethodAdapter.java:87)
org.springframework.web.servlet.DispatcherServlet.doDispatch(DispatcherServlet.java:1080)
org.springframework.web.servlet.DispatcherServlet.doService(DispatcherServlet.java:973)
org.springframework.web.servlet.FrameworkServlet.processRequest(FrameworkServlet.java:1003)
org.springframework.web.servlet.FrameworkServlet.doPost(FrameworkServlet.java:906)
jakarta.servlet.http.HttpServlet.service(HttpServlet.java:731)
org.springframework.web.servlet.FrameworkServlet.service(FrameworkServlet.java:880)
jakarta.servlet.http.HttpServlet.service(HttpServlet.java:814)
org.apache.catalina.core.ApplicationFilterChain.internalDoFilter(ApplicationFilterChain.java:223)
org.apache.catalina.core.ApplicationFilterChain.doFilter(ApplicationFilterChain.java:158)
org.apache.tomcat.websocket.server.WsFilter.doFilter(WsFilter.java:53)
org.apache.catalina.core.ApplicationFilterChain.internalDoFilter(ApplicationFilterChain.java:185)
org.apache.catalina.core.ApplicationFilterChain.doFilter(ApplicationFilterChain.java:158)
org.springframework.web.filter.OncePerRequestFilter.doFilter(OncePerRequestFilter.java:110)
org.apache.catalina.core.ApplicationFilterChain.internalDoFilter(ApplicationFilterChain.java:185)
org.apache.catalina.core.ApplicationFilterChain.doFilter(ApplicationFilterChain.java:158)
org.springframework.security.web.FilterChainProxy.lambda$doFilterInternal$3(FilterChainProxy.java:231)
org.springframework.security.web.ObservationFilterChainDecorator$FilterObservation$SimpleFilterObservation.lambda$wrap$1(ObservationFilterChainDecorator.java:397)
org.springframework.security.web.ObservationFilterChainDecorator$AroundFilterObservation$SimpleAroundFilterObservation.lambda$wrap$1(ObservationFilterChainDecorator.java:295)
org.springframework.security.web.ObservationFilterChainDecorator.lambda$wrapSecured$0(ObservationFilterChainDecorator.java:79)
org.springframework.security.web.ObservationFilterChainDecorator$VirtualFilterChain.doFilter(ObservationFilterChainDecorator.java:125)
org.springframework.security.web.access.intercept.AuthorizationFilter.doFilter(AuthorizationFilter.java:100)
org.springframework.security.web.ObservationFilterChainDecorator$ObservationFilter.wrapFilter(ObservationFilterChainDecorator.java:185)
org.springframework.security.web.ObservationFilterChainDecorator$ObservationFilter.doFilter(ObservationFilterChainDecorator.java:173)
org.springframework.security.web.ObservationFilterChainDecorator$VirtualFilterChain.doFilter(ObservationFilterChainDecorator.java:134)
org.springframework.security.web.access.ExceptionTranslationFilter.doFilter(ExceptionTranslationFilter.java:126)
org.springframework.security.web.access.ExceptionTranslationFilter.doFilter(ExceptionTranslationFilter.java:120)
org.springframework.security.web.ObservationFilterChainDecorator$ObservationFilter.wrapFilter(ObservationFilterChainDecorator.java:185)
org.springframework.security.web.ObservationFilterChainDecorator$ObservationFilter.doFilter(ObservationFilterChainDecorator.java:173)
org.springframework.security.web.ObservationFilterChainDecorator$VirtualFilterChain.doFilter(ObservationFilterChainDecorator.java:134)
org.springframework.security.web.session.SessionManagementFilter.doFilter(SessionManagementFilter.java:131)
org.springframework.security.web.session.SessionManagementFilter.doFilter(SessionManagementFilter.java:85)
org.springframework.security.web.ObservationFilterChainDecorator$ObservationFilter.wrapFilter(ObservationFilterChainDecorator.java:185)
org.springframework.security.web.ObservationFilterChainDecorator$ObservationFilter.doFilter(ObservationFilterChainDecorator.java:173)
org.springframework.security.web.ObservationFilterChainDecorator$VirtualFilterChain.doFilter(ObservationFilterChainDecorator.java:134)
org.springframework.security.web.authentication.AnonymousAuthenticationFilter.doFilter(AnonymousAuthenticationFilter.java:100)
org.springframework.security.web.ObservationFilterChainDecorator$ObservationFilter.wrapFilter(ObservationFilterChainDecorator.java:185)
org.springframework.security.web.ObservationFilterChainDecorator$ObservationFilter.doFilter(ObservationFilterChainDecorator.java:173)
org.springframework.security.web.ObservationFilterChainDecorator$VirtualFilterChain.doFilter(ObservationFilterChainDecorator.java:134)
org.springframework.security.web.servletapi.SecurityContextHolderAwareRequestFilter.doFilter(SecurityContextHolderAwareRequestFilter.java:179)
org.springframework.security.web.ObservationFilterChainDecorator$ObservationFilter.wrapFilter(ObservationFilterChainDecorator.java:185)
org.springframework.security.web.ObservationFilterChainDecorator$ObservationFilter.doFilter(ObservationFilterChainDecorator.java:173)
org.springframework.security.web.ObservationFilterChainDecorator$VirtualFilterChain.doFilter(ObservationFilterChainDecorator.java:134)
org.springframework.security.web.savedrequest.RequestCacheAwareFilter.doFilter(RequestCacheAwareFilter.java:63)
org.springframework.security.web.ObservationFilterChainDecorator$ObservationFilter.wrapFilter(ObservationFilterChainDecorator.java:185)
org.springframework.security.web.ObservationFilterChainDecorator$ObservationFilter.doFilter(ObservationFilterChainDecorator.java:173)
org.springframework.security.web.ObservationFilterChainDecorator$VirtualFilterChain.doFilter(ObservationFilterChainDecorator.java:134)
com.microtimemanagement.apiservice.filter.MtmSessionFilter.doFilterInternal(MtmSessionFilter.java:66)
org.springframework.web.filter.OncePerRequestFilter.doFilter(OncePerRequestFilter.java:116)
org.springframework.security.web.ObservationFilterChainDecorator$ObservationFilter.wrapFilter(ObservationFilterChainDecorator.java:185)
org.springframework.security.web.ObservationFilterChainDecorator$ObservationFilter.doFilter(ObservationFilterChainDecorator.java:173)
org.springframework.security.web.ObservationFilterChainDecorator$VirtualFilterChain.doFilter(ObservationFilterChainDecorator.java:134)
org.springframework.security.web.authentication.logout.LogoutFilter.doFilter(LogoutFilter.java:107)
org.springframework.security.web.authentication.logout.LogoutFilter.doFilter(LogoutFilter.java:93)
org.springframework.security.web.ObservationFilterChainDecorator$ObservationFilter.wrapFilter(ObservationFilterChainDecorator.java:185)
org.springframework.security.web.ObservationFilterChainDecorator$ObservationFilter.doFilter(ObservationFilterChainDecorator.java:173)
org.springframework.security.web.ObservationFilterChainDecorator$VirtualFilterChain.doFilter(ObservationFilterChainDecorator.java:134)
org.springframework.web.filter.CorsFilter.doFilterInternal(CorsFilter.java:91)
org.springframework.web.filter.OncePerRequestFilter.doFilter(OncePerRequestFilter.java:116)
org.springframework.security.web.ObservationFilterChainDecorator$ObservationFilter.wrapFilter(ObservationFilterChainDecorator.java:185)
org.springframework.security.web.ObservationFilterChainDecorator$ObservationFilter.doFilter(ObservationFilterChainDecorator.java:173)
org.springframework.security.web.ObservationFilterChainDecorator$VirtualFilterChain.doFilter(ObservationFilterChainDecorator.java:134)
org.springframework.security.web.header.HeaderWriterFilter.doHeadersAfter(HeaderWriterFilter.java:90)
org.springframework.security.web.header.HeaderWriterFilter.doFilterInternal(HeaderWriterFilter.java:75)
org.springframework.web.filter.OncePerRequestFilter.doFilter(OncePerRequestFilter.java:116)
org.springframework.security.web.ObservationFilterChainDecorator$ObservationFilter.wrapFilter(ObservationFilterChainDecorator.java:185)
org.springframework.security.web.ObservationFilterChainDecorator$ObservationFilter.doFilter(ObservationFilterChainDecorator.java:173)
org.springframework.security.web.ObservationFilterChainDecorator$VirtualFilterChain.doFilter(ObservationFilterChainDecorator.java:134)
org.springframework.security.web.context.SecurityContextHolderFilter.doFilterInternal(SecurityContextHolderFilter.java:69)
org.springframework.web.filter.OncePerRequestFilter.doFilter(OncePerRequestFilter.java:116)
org.springframework.security.web.ObservationFilterChainDecorator$ObservationFilter.wrapFilter(ObservationFilterChainDecorator.java:185)
org.springframework.security.web.ObservationFilterChainDecorator$ObservationFilter.doFilter(ObservationFilterChainDecorator.java:173)
org.springframework.security.web.ObservationFilterChainDecorator$VirtualFilterChain.doFilter(ObservationFilterChainDecorator.java:134)
org.springframework.security.web.context.request.async.WebAsyncManagerIntegrationFilter.doFilterInternal(WebAsyncManagerIntegrationFilter.java:62)
org.springframework.web.filter.OncePerRequestFilter.doFilter(OncePerRequestFilter.java:116)
org.springframework.security.web.ObservationFilterChainDecorator$ObservationFilter.wrapFilter(ObservationFilterChainDecorator.java:185)
org.springframework.security.web.ObservationFilterChainDecorator$ObservationFilter.doFilter(ObservationFilterChainDecorator.java:173)
org.springframework.security.web.ObservationFilterChainDecorator$VirtualFilterChain.doFilter(ObservationFilterChainDecorator.java:134)
org.springframework.security.web.session.DisableEncodeUrlFilter.doFilterInternal(DisableEncodeUrlFilter.java:42)
org.springframework.web.filter.OncePerRequestFilter.doFilter(OncePerRequestFilter.java:116)
org.springframework.security.web.ObservationFilterChainDecorator$ObservationFilter.wrapFilter(ObservationFilterChainDecorator.java:185)
org.springframework.security.web.ObservationFilterChainDecorator$AroundFilterObservation$SimpleAroundFilterObservation.lambda$wrap$0(ObservationFilterChainDecorator.java:278)
org.springframework.security.web.ObservationFilterChainDecorator$ObservationFilter.doFilter(ObservationFilterChainDecorator.java:170)
org.springframework.security.web.ObservationFilterChainDecorator$VirtualFilterChain.doFilter(ObservationFilterChainDecorator.java:134)
org.springframework.security.web.FilterChainProxy.doFilterInternal(FilterChainProxy.java:233)
org.springframework.security.web.FilterChainProxy.doFilter(FilterChainProxy.java:191)
org.springframework.web.filter.DelegatingFilterProxy.invokeDelegate(DelegatingFilterProxy.java:351)
org.springframework.web.filter.DelegatingFilterProxy.doFilter(DelegatingFilterProxy.java:267)
org.apache.catalina.core.ApplicationFilterChain.internalDoFilter(ApplicationFilterChain.java:185)
org.apache.catalina.core.ApplicationFilterChain.doFilter(ApplicationFilterChain.java:158)
org.springframework.web.filter.RequestContextFilter.doFilterInternal(RequestContextFilter.java:100)
org.springframework.web.filter.OncePerRequestFilter.doFilter(OncePerRequestFilter.java:116)
org.apache.catalina.core.ApplicationFilterChain.internalDoFilter(ApplicationFilterChain.java:185)
org.apache.catalina.core.ApplicationFilterChain.doFilter(ApplicationFilterChain.java:158)
org.springframework.web.filter.FormContentFilter.doFilterInternal(FormContentFilter.java:93)
org.springframework.web.filter.OncePerRequestFilter.doFilter(OncePerRequestFilter.java:116)
org.apache.catalina.core.ApplicationFilterChain.internalDoFilter(ApplicationFilterChain.java:185)
org.apache.catalina.core.ApplicationFilterChain.doFilter(ApplicationFilterChain.java:158)
org.springframework.web.filter.ServerHttpObservationFilter.doFilterInternal(ServerHttpObservationFilter.java:109)
org.springframework.web.filter.OncePerRequestFilter.doFilter(OncePerRequestFilter.java:116)
org.apache.catalina.core.ApplicationFilterChain.internalDoFilter(ApplicationFilterChain.java:185)
org.apache.catalina.core.ApplicationFilterChain.doFilter(ApplicationFilterChain.java:158)
org.springframework.web.filter.CharacterEncodingFilter.doFilterInternal(CharacterEncodingFilter.java:201)
org.springframework.web.filter.OncePerRequestFilter.doFilter(OncePerRequestFilter.java:116)
org.apache.catalina.core.ApplicationFilterChain.internalDoFilter(ApplicationFilterChain.java:185)
org.apache.catalina.core.ApplicationFilterChain.doFilter(ApplicationFilterChain.java:158)
org.apache.catalina.core.StandardWrapperValve.invoke(StandardWrapperValve.java:197)
org.apache.catalina.core.StandardContextValve.invoke(StandardContextValve.java:97)
org.apache.catalina.authenticator.AuthenticatorBase.invoke(AuthenticatorBase.java:542)
org.apache.catalina.core.StandardHostValve.invoke(StandardHostValve.java:119)
org.apache.catalina.valves.ErrorReportValve.invoke(ErrorReportValve.java:92)
org.apache.catalina.core.StandardEngineValve.invoke(StandardEngineValve.java:78)
org.apache.catalina.connector.CoyoteAdapter.service(CoyoteAdapter.java:357)
org.apache.coyote.http11.Http11Processor.service(Http11Processor.java:400)
org.apache.coyote.AbstractProcessorLight.process(AbstractProcessorLight.java:65)
org.apache.coyote.AbstractProtocol$ConnectionHandler.process(AbstractProtocol.java:861)
org.apache.tomcat.util.net.NioEndpoint$SocketProcessor.doRun(NioEndpoint.java:1739)
org.apache.tomcat.util.net.SocketProcessorBase.run(SocketProcessorBase.java:52)
org.apache.tomcat.util.threads.ThreadPoolExecutor.runWorker(ThreadPoolExecutor.java:1191)
org.apache.tomcat.util.threads.ThreadPoolExecutor$Worker.run(ThreadPoolExecutor.java:659)
org.apache.tomcat.util.threads.TaskThread$WrappingRunnable.run(TaskThread.java:61)
java.base/java.lang.Thread.run(Thread.java:833)

2022-12-27T02:13:36.256+10:00  INFO 29466 --- [http-nio-8080-exec-7] c.m.apiservice.utils.JwtUtils            : Parsed claims: header={alg=HS512},body={authorities=[ROLE_MTM_USER], sub=string, iat=1672071124, exp=1672157524},signature=_AyDfH-Lr1XbkjV3nGIMhFkpziB8mBJqEnm8dsXAZOT-pUs6475unBpiM1cVBU7vT7lcUim1jY0mX0A4X_1HWg
2022-12-27T02:13:51.095+10:00  INFO 29466 --- [http-nio-8080-exec-9] c.m.apiservice.utils.JwtUtils            : Parsed claims: header={alg=HS512},body={authorities=[ROLE_MTM_USER], sub=string, iat=1672071124, exp=1672157524},signature=_AyDfH-Lr1XbkjV3nGIMhFkpziB8mBJqEnm8dsXAZOT-pUs6475unBpiM1cVBU7vT7lcUim1jY0mX0A4X_1HWg
2022-12-27T02:13:51.131+10:00  INFO 29466 --- [http-nio-8080-exec-9] e.MicroTimeManagementBadRequestException : MicroTimeManagementBadRequestException with, custom message: Invalid date value. Please supply date in correct format., original message Unparseable date: "string", at: class com.microtimemanagement.apiservice.service.impl.TimeRecordServiceImpl
2022-12-27T02:13:51.144+10:00 ERROR 29466 --- [http-nio-8080-exec-9] roTimeManagementResourceExceptionHandler : com.microtimemanagement.apiservice.service.impl.TimeRecordServiceImpl.processCreateUpdateRequest(TimeRecordServiceImpl.java:78)
com.microtimemanagement.apiservice.controller.TimeRecordController.saveRecord(TimeRecordController.java:36)
java.base/jdk.internal.reflect.NativeMethodAccessorImpl.invoke0(Native Method)
java.base/jdk.internal.reflect.NativeMethodAccessorImpl.invoke(NativeMethodAccessorImpl.java:77)
java.base/jdk.internal.reflect.DelegatingMethodAccessorImpl.invoke(DelegatingMethodAccessorImpl.java:43)
java.base/java.lang.reflect.Method.invoke(Method.java:568)
org.springframework.web.method.support.InvocableHandlerMethod.doInvoke(InvocableHandlerMethod.java:207)
org.springframework.web.method.support.InvocableHandlerMethod.invokeForRequest(InvocableHandlerMethod.java:152)
org.springframework.web.servlet.mvc.method.annotation.ServletInvocableHandlerMethod.invokeAndHandle(ServletInvocableHandlerMethod.java:117)
org.springframework.web.servlet.mvc.method.annotation.RequestMappingHandlerAdapter.invokeHandlerMethod(RequestMappingHandlerAdapter.java:884)
org.springframework.web.servlet.mvc.method.annotation.RequestMappingHandlerAdapter.handleInternal(RequestMappingHandlerAdapter.java:797)
org.springframework.web.servlet.mvc.method.AbstractHandlerMethodAdapter.handle(AbstractHandlerMethodAdapter.java:87)
org.springframework.web.servlet.DispatcherServlet.doDispatch(DispatcherServlet.java:1080)
org.springframework.web.servlet.DispatcherServlet.doService(DispatcherServlet.java:973)
org.springframework.web.servlet.FrameworkServlet.processRequest(FrameworkServlet.java:1003)
org.springframework.web.servlet.FrameworkServlet.doPost(FrameworkServlet.java:906)
jakarta.servlet.http.HttpServlet.service(HttpServlet.java:731)
org.springframework.web.servlet.FrameworkServlet.service(FrameworkServlet.java:880)
jakarta.servlet.http.HttpServlet.service(HttpServlet.java:814)
org.apache.catalina.core.ApplicationFilterChain.internalDoFilter(ApplicationFilterChain.java:223)
org.apache.catalina.core.ApplicationFilterChain.doFilter(ApplicationFilterChain.java:158)
org.apache.tomcat.websocket.server.WsFilter.doFilter(WsFilter.java:53)
org.apache.catalina.core.ApplicationFilterChain.internalDoFilter(ApplicationFilterChain.java:185)
org.apache.catalina.core.ApplicationFilterChain.doFilter(ApplicationFilterChain.java:158)
org.springframework.web.filter.OncePerRequestFilter.doFilter(OncePerRequestFilter.java:110)
org.apache.catalina.core.ApplicationFilterChain.internalDoFilter(ApplicationFilterChain.java:185)
org.apache.catalina.core.ApplicationFilterChain.doFilter(ApplicationFilterChain.java:158)
org.springframework.security.web.FilterChainProxy.lambda$doFilterInternal$3(FilterChainProxy.java:231)
org.springframework.security.web.ObservationFilterChainDecorator$FilterObservation$SimpleFilterObservation.lambda$wrap$1(ObservationFilterChainDecorator.java:397)
org.springframework.security.web.ObservationFilterChainDecorator$AroundFilterObservation$SimpleAroundFilterObservation.lambda$wrap$1(ObservationFilterChainDecorator.java:295)
org.springframework.security.web.ObservationFilterChainDecorator.lambda$wrapSecured$0(ObservationFilterChainDecorator.java:79)
org.springframework.security.web.ObservationFilterChainDecorator$VirtualFilterChain.doFilter(ObservationFilterChainDecorator.java:125)
org.springframework.security.web.access.intercept.AuthorizationFilter.doFilter(AuthorizationFilter.java:100)
org.springframework.security.web.ObservationFilterChainDecorator$ObservationFilter.wrapFilter(ObservationFilterChainDecorator.java:185)
org.springframework.security.web.ObservationFilterChainDecorator$ObservationFilter.doFilter(ObservationFilterChainDecorator.java:173)
org.springframework.security.web.ObservationFilterChainDecorator$VirtualFilterChain.doFilter(ObservationFilterChainDecorator.java:134)
org.springframework.security.web.access.ExceptionTranslationFilter.doFilter(ExceptionTranslationFilter.java:126)
org.springframework.security.web.access.ExceptionTranslationFilter.doFilter(ExceptionTranslationFilter.java:120)
org.springframework.security.web.ObservationFilterChainDecorator$ObservationFilter.wrapFilter(ObservationFilterChainDecorator.java:185)
org.springframework.security.web.ObservationFilterChainDecorator$ObservationFilter.doFilter(ObservationFilterChainDecorator.java:173)
org.springframework.security.web.ObservationFilterChainDecorator$VirtualFilterChain.doFilter(ObservationFilterChainDecorator.java:134)
org.springframework.security.web.session.SessionManagementFilter.doFilter(SessionManagementFilter.java:131)
org.springframework.security.web.session.SessionManagementFilter.doFilter(SessionManagementFilter.java:85)
org.springframework.security.web.ObservationFilterChainDecorator$ObservationFilter.wrapFilter(ObservationFilterChainDecorator.java:185)
org.springframework.security.web.ObservationFilterChainDecorator$ObservationFilter.doFilter(ObservationFilterChainDecorator.java:173)
org.springframework.security.web.ObservationFilterChainDecorator$VirtualFilterChain.doFilter(ObservationFilterChainDecorator.java:134)
org.springframework.security.web.authentication.AnonymousAuthenticationFilter.doFilter(AnonymousAuthenticationFilter.java:100)
org.springframework.security.web.ObservationFilterChainDecorator$ObservationFilter.wrapFilter(ObservationFilterChainDecorator.java:185)
org.springframework.security.web.ObservationFilterChainDecorator$ObservationFilter.doFilter(ObservationFilterChainDecorator.java:173)
org.springframework.security.web.ObservationFilterChainDecorator$VirtualFilterChain.doFilter(ObservationFilterChainDecorator.java:134)
org.springframework.security.web.servletapi.SecurityContextHolderAwareRequestFilter.doFilter(SecurityContextHolderAwareRequestFilter.java:179)
org.springframework.security.web.ObservationFilterChainDecorator$ObservationFilter.wrapFilter(ObservationFilterChainDecorator.java:185)
org.springframework.security.web.ObservationFilterChainDecorator$ObservationFilter.doFilter(ObservationFilterChainDecorator.java:173)
org.springframework.security.web.ObservationFilterChainDecorator$VirtualFilterChain.doFilter(ObservationFilterChainDecorator.java:134)
org.springframework.security.web.savedrequest.RequestCacheAwareFilter.doFilter(RequestCacheAwareFilter.java:63)
org.springframework.security.web.ObservationFilterChainDecorator$ObservationFilter.wrapFilter(ObservationFilterChainDecorator.java:185)
org.springframework.security.web.ObservationFilterChainDecorator$ObservationFilter.doFilter(ObservationFilterChainDecorator.java:173)
org.springframework.security.web.ObservationFilterChainDecorator$VirtualFilterChain.doFilter(ObservationFilterChainDecorator.java:134)
com.microtimemanagement.apiservice.filter.MtmSessionFilter.doFilterInternal(MtmSessionFilter.java:66)
org.springframework.web.filter.OncePerRequestFilter.doFilter(OncePerRequestFilter.java:116)
org.springframework.security.web.ObservationFilterChainDecorator$ObservationFilter.wrapFilter(ObservationFilterChainDecorator.java:185)
org.springframework.security.web.ObservationFilterChainDecorator$ObservationFilter.doFilter(ObservationFilterChainDecorator.java:173)
org.springframework.security.web.ObservationFilterChainDecorator$VirtualFilterChain.doFilter(ObservationFilterChainDecorator.java:134)
org.springframework.security.web.authentication.logout.LogoutFilter.doFilter(LogoutFilter.java:107)
org.springframework.security.web.authentication.logout.LogoutFilter.doFilter(LogoutFilter.java:93)
org.springframework.security.web.ObservationFilterChainDecorator$ObservationFilter.wrapFilter(ObservationFilterChainDecorator.java:185)
org.springframework.security.web.ObservationFilterChainDecorator$ObservationFilter.doFilter(ObservationFilterChainDecorator.java:173)
org.springframework.security.web.ObservationFilterChainDecorator$VirtualFilterChain.doFilter(ObservationFilterChainDecorator.java:134)
org.springframework.web.filter.CorsFilter.doFilterInternal(CorsFilter.java:91)
org.springframework.web.filter.OncePerRequestFilter.doFilter(OncePerRequestFilter.java:116)
org.springframework.security.web.ObservationFilterChainDecorator$ObservationFilter.wrapFilter(ObservationFilterChainDecorator.java:185)
org.springframework.security.web.ObservationFilterChainDecorator$ObservationFilter.doFilter(ObservationFilterChainDecorator.java:173)
org.springframework.security.web.ObservationFilterChainDecorator$VirtualFilterChain.doFilter(ObservationFilterChainDecorator.java:134)
org.springframework.security.web.header.HeaderWriterFilter.doHeadersAfter(HeaderWriterFilter.java:90)
org.springframework.security.web.header.HeaderWriterFilter.doFilterInternal(HeaderWriterFilter.java:75)
org.springframework.web.filter.OncePerRequestFilter.doFilter(OncePerRequestFilter.java:116)
org.springframework.security.web.ObservationFilterChainDecorator$ObservationFilter.wrapFilter(ObservationFilterChainDecorator.java:185)
org.springframework.security.web.ObservationFilterChainDecorator$ObservationFilter.doFilter(ObservationFilterChainDecorator.java:173)
org.springframework.security.web.ObservationFilterChainDecorator$VirtualFilterChain.doFilter(ObservationFilterChainDecorator.java:134)
org.springframework.security.web.context.SecurityContextHolderFilter.doFilterInternal(SecurityContextHolderFilter.java:69)
org.springframework.web.filter.OncePerRequestFilter.doFilter(OncePerRequestFilter.java:116)
org.springframework.security.web.ObservationFilterChainDecorator$ObservationFilter.wrapFilter(ObservationFilterChainDecorator.java:185)
org.springframework.security.web.ObservationFilterChainDecorator$ObservationFilter.doFilter(ObservationFilterChainDecorator.java:173)
org.springframework.security.web.ObservationFilterChainDecorator$VirtualFilterChain.doFilter(ObservationFilterChainDecorator.java:134)
org.springframework.security.web.context.request.async.WebAsyncManagerIntegrationFilter.doFilterInternal(WebAsyncManagerIntegrationFilter.java:62)
org.springframework.web.filter.OncePerRequestFilter.doFilter(OncePerRequestFilter.java:116)
org.springframework.security.web.ObservationFilterChainDecorator$ObservationFilter.wrapFilter(ObservationFilterChainDecorator.java:185)
org.springframework.security.web.ObservationFilterChainDecorator$ObservationFilter.doFilter(ObservationFilterChainDecorator.java:173)
org.springframework.security.web.ObservationFilterChainDecorator$VirtualFilterChain.doFilter(ObservationFilterChainDecorator.java:134)
org.springframework.security.web.session.DisableEncodeUrlFilter.doFilterInternal(DisableEncodeUrlFilter.java:42)
org.springframework.web.filter.OncePerRequestFilter.doFilter(OncePerRequestFilter.java:116)
org.springframework.security.web.ObservationFilterChainDecorator$ObservationFilter.wrapFilter(ObservationFilterChainDecorator.java:185)
org.springframework.security.web.ObservationFilterChainDecorator$AroundFilterObservation$SimpleAroundFilterObservation.lambda$wrap$0(ObservationFilterChainDecorator.java:278)
org.springframework.security.web.ObservationFilterChainDecorator$ObservationFilter.doFilter(ObservationFilterChainDecorator.java:170)
org.springframework.security.web.ObservationFilterChainDecorator$VirtualFilterChain.doFilter(ObservationFilterChainDecorator.java:134)
org.springframework.security.web.FilterChainProxy.doFilterInternal(FilterChainProxy.java:233)
org.springframework.security.web.FilterChainProxy.doFilter(FilterChainProxy.java:191)
org.springframework.web.filter.DelegatingFilterProxy.invokeDelegate(DelegatingFilterProxy.java:351)
org.springframework.web.filter.DelegatingFilterProxy.doFilter(DelegatingFilterProxy.java:267)
org.apache.catalina.core.ApplicationFilterChain.internalDoFilter(ApplicationFilterChain.java:185)
org.apache.catalina.core.ApplicationFilterChain.doFilter(ApplicationFilterChain.java:158)
org.springframework.web.filter.RequestContextFilter.doFilterInternal(RequestContextFilter.java:100)
org.springframework.web.filter.OncePerRequestFilter.doFilter(OncePerRequestFilter.java:116)
org.apache.catalina.core.ApplicationFilterChain.internalDoFilter(ApplicationFilterChain.java:185)
org.apache.catalina.core.ApplicationFilterChain.doFilter(ApplicationFilterChain.java:158)
org.springframework.web.filter.FormContentFilter.doFilterInternal(FormContentFilter.java:93)
org.springframework.web.filter.OncePerRequestFilter.doFilter(OncePerRequestFilter.java:116)
org.apache.catalina.core.ApplicationFilterChain.internalDoFilter(ApplicationFilterChain.java:185)
org.apache.catalina.core.ApplicationFilterChain.doFilter(ApplicationFilterChain.java:158)
org.springframework.web.filter.ServerHttpObservationFilter.doFilterInternal(ServerHttpObservationFilter.java:109)
org.springframework.web.filter.OncePerRequestFilter.doFilter(OncePerRequestFilter.java:116)
org.apache.catalina.core.ApplicationFilterChain.internalDoFilter(ApplicationFilterChain.java:185)
org.apache.catalina.core.ApplicationFilterChain.doFilter(ApplicationFilterChain.java:158)
org.springframework.web.filter.CharacterEncodingFilter.doFilterInternal(CharacterEncodingFilter.java:201)
org.springframework.web.filter.OncePerRequestFilter.doFilter(OncePerRequestFilter.java:116)
org.apache.catalina.core.ApplicationFilterChain.internalDoFilter(ApplicationFilterChain.java:185)
org.apache.catalina.core.ApplicationFilterChain.doFilter(ApplicationFilterChain.java:158)
org.apache.catalina.core.StandardWrapperValve.invoke(StandardWrapperValve.java:197)
org.apache.catalina.core.StandardContextValve.invoke(StandardContextValve.java:97)
org.apache.catalina.authenticator.AuthenticatorBase.invoke(AuthenticatorBase.java:542)
org.apache.catalina.core.StandardHostValve.invoke(StandardHostValve.java:119)
org.apache.catalina.valves.ErrorReportValve.invoke(ErrorReportValve.java:92)
org.apache.catalina.core.StandardEngineValve.invoke(StandardEngineValve.java:78)
org.apache.catalina.connector.CoyoteAdapter.service(CoyoteAdapter.java:357)
org.apache.coyote.http11.Http11Processor.service(Http11Processor.java:400)
org.apache.coyote.AbstractProcessorLight.process(AbstractProcessorLight.java:65)
org.apache.coyote.AbstractProtocol$ConnectionHandler.process(AbstractProtocol.java:861)
org.apache.tomcat.util.net.NioEndpoint$SocketProcessor.doRun(NioEndpoint.java:1739)
org.apache.tomcat.util.net.SocketProcessorBase.run(SocketProcessorBase.java:52)
org.apache.tomcat.util.threads.ThreadPoolExecutor.runWorker(ThreadPoolExecutor.java:1191)
org.apache.tomcat.util.threads.ThreadPoolExecutor$Worker.run(ThreadPoolExecutor.java:659)
org.apache.tomcat.util.threads.TaskThread$WrappingRunnable.run(TaskThread.java:61)
java.base/java.lang.Thread.run(Thread.java:833)

2022-12-27T02:38:07.688+10:00  INFO 29466 --- [http-nio-8080-exec-8] c.m.apiservice.utils.JwtUtils            : Parsed claims: header={alg=HS512},body={authorities=[ROLE_MTM_USER], sub=string, iat=1672071124, exp=1672157524},signature=_AyDfH-Lr1XbkjV3nGIMhFkpziB8mBJqEnm8dsXAZOT-pUs6475unBpiM1cVBU7vT7lcUim1jY0mX0A4X_1HWg
2022-12-27T02:38:07.713+10:00  INFO 29466 --- [http-nio-8080-exec-8] e.MicroTimeManagementBadRequestException : MicroTimeManagementBadRequestException with, custom message: Invalid date value. Please supply date in correct format., original message Unparseable date: "string", at: class com.microtimemanagement.apiservice.service.impl.TimeRecordServiceImpl
2022-12-27T02:38:07.720+10:00 ERROR 29466 --- [http-nio-8080-exec-8] roTimeManagementResourceExceptionHandler : com.microtimemanagement.apiservice.service.impl.TimeRecordServiceImpl.processCreateUpdateRequest(TimeRecordServiceImpl.java:78)
com.microtimemanagement.apiservice.controller.TimeRecordController.saveRecord(TimeRecordController.java:36)
java.base/jdk.internal.reflect.NativeMethodAccessorImpl.invoke0(Native Method)
java.base/jdk.internal.reflect.NativeMethodAccessorImpl.invoke(NativeMethodAccessorImpl.java:77)
java.base/jdk.internal.reflect.DelegatingMethodAccessorImpl.invoke(DelegatingMethodAccessorImpl.java:43)
java.base/java.lang.reflect.Method.invoke(Method.java:568)
org.springframework.web.method.support.InvocableHandlerMethod.doInvoke(InvocableHandlerMethod.java:207)
org.springframework.web.method.support.InvocableHandlerMethod.invokeForRequest(InvocableHandlerMethod.java:152)
org.springframework.web.servlet.mvc.method.annotation.ServletInvocableHandlerMethod.invokeAndHandle(ServletInvocableHandlerMethod.java:117)
org.springframework.web.servlet.mvc.method.annotation.RequestMappingHandlerAdapter.invokeHandlerMethod(RequestMappingHandlerAdapter.java:884)
org.springframework.web.servlet.mvc.method.annotation.RequestMappingHandlerAdapter.handleInternal(RequestMappingHandlerAdapter.java:797)
org.springframework.web.servlet.mvc.method.AbstractHandlerMethodAdapter.handle(AbstractHandlerMethodAdapter.java:87)
org.springframework.web.servlet.DispatcherServlet.doDispatch(DispatcherServlet.java:1080)
org.springframework.web.servlet.DispatcherServlet.doService(DispatcherServlet.java:973)
org.springframework.web.servlet.FrameworkServlet.processRequest(FrameworkServlet.java:1003)
org.springframework.web.servlet.FrameworkServlet.doPost(FrameworkServlet.java:906)
jakarta.servlet.http.HttpServlet.service(HttpServlet.java:731)
org.springframework.web.servlet.FrameworkServlet.service(FrameworkServlet.java:880)
jakarta.servlet.http.HttpServlet.service(HttpServlet.java:814)
org.apache.catalina.core.ApplicationFilterChain.internalDoFilter(ApplicationFilterChain.java:223)
org.apache.catalina.core.ApplicationFilterChain.doFilter(ApplicationFilterChain.java:158)
org.apache.tomcat.websocket.server.WsFilter.doFilter(WsFilter.java:53)
org.apache.catalina.core.ApplicationFilterChain.internalDoFilter(ApplicationFilterChain.java:185)
org.apache.catalina.core.ApplicationFilterChain.doFilter(ApplicationFilterChain.java:158)
org.springframework.web.filter.OncePerRequestFilter.doFilter(OncePerRequestFilter.java:110)
org.apache.catalina.core.ApplicationFilterChain.internalDoFilter(ApplicationFilterChain.java:185)
org.apache.catalina.core.ApplicationFilterChain.doFilter(ApplicationFilterChain.java:158)
org.springframework.security.web.FilterChainProxy.lambda$doFilterInternal$3(FilterChainProxy.java:231)
org.springframework.security.web.ObservationFilterChainDecorator$FilterObservation$SimpleFilterObservation.lambda$wrap$1(ObservationFilterChainDecorator.java:397)
org.springframework.security.web.ObservationFilterChainDecorator$AroundFilterObservation$SimpleAroundFilterObservation.lambda$wrap$1(ObservationFilterChainDecorator.java:295)
org.springframework.security.web.ObservationFilterChainDecorator.lambda$wrapSecured$0(ObservationFilterChainDecorator.java:79)
org.springframework.security.web.ObservationFilterChainDecorator$VirtualFilterChain.doFilter(ObservationFilterChainDecorator.java:125)
org.springframework.security.web.access.intercept.AuthorizationFilter.doFilter(AuthorizationFilter.java:100)
org.springframework.security.web.ObservationFilterChainDecorator$ObservationFilter.wrapFilter(ObservationFilterChainDecorator.java:185)
org.springframework.security.web.ObservationFilterChainDecorator$ObservationFilter.doFilter(ObservationFilterChainDecorator.java:173)
org.springframework.security.web.ObservationFilterChainDecorator$VirtualFilterChain.doFilter(ObservationFilterChainDecorator.java:134)
org.springframework.security.web.access.ExceptionTranslationFilter.doFilter(ExceptionTranslationFilter.java:126)
org.springframework.security.web.access.ExceptionTranslationFilter.doFilter(ExceptionTranslationFilter.java:120)
org.springframework.security.web.ObservationFilterChainDecorator$ObservationFilter.wrapFilter(ObservationFilterChainDecorator.java:185)
org.springframework.security.web.ObservationFilterChainDecorator$ObservationFilter.doFilter(ObservationFilterChainDecorator.java:173)
org.springframework.security.web.ObservationFilterChainDecorator$VirtualFilterChain.doFilter(ObservationFilterChainDecorator.java:134)
org.springframework.security.web.session.SessionManagementFilter.doFilter(SessionManagementFilter.java:131)
org.springframework.security.web.session.SessionManagementFilter.doFilter(SessionManagementFilter.java:85)
org.springframework.security.web.ObservationFilterChainDecorator$ObservationFilter.wrapFilter(ObservationFilterChainDecorator.java:185)
org.springframework.security.web.ObservationFilterChainDecorator$ObservationFilter.doFilter(ObservationFilterChainDecorator.java:173)
org.springframework.security.web.ObservationFilterChainDecorator$VirtualFilterChain.doFilter(ObservationFilterChainDecorator.java:134)
org.springframework.security.web.authentication.AnonymousAuthenticationFilter.doFilter(AnonymousAuthenticationFilter.java:100)
org.springframework.security.web.ObservationFilterChainDecorator$ObservationFilter.wrapFilter(ObservationFilterChainDecorator.java:185)
org.springframework.security.web.ObservationFilterChainDecorator$ObservationFilter.doFilter(ObservationFilterChainDecorator.java:173)
org.springframework.security.web.ObservationFilterChainDecorator$VirtualFilterChain.doFilter(ObservationFilterChainDecorator.java:134)
org.springframework.security.web.servletapi.SecurityContextHolderAwareRequestFilter.doFilter(SecurityContextHolderAwareRequestFilter.java:179)
org.springframework.security.web.ObservationFilterChainDecorator$ObservationFilter.wrapFilter(ObservationFilterChainDecorator.java:185)
org.springframework.security.web.ObservationFilterChainDecorator$ObservationFilter.doFilter(ObservationFilterChainDecorator.java:173)
org.springframework.security.web.ObservationFilterChainDecorator$VirtualFilterChain.doFilter(ObservationFilterChainDecorator.java:134)
org.springframework.security.web.savedrequest.RequestCacheAwareFilter.doFilter(RequestCacheAwareFilter.java:63)
org.springframework.security.web.ObservationFilterChainDecorator$ObservationFilter.wrapFilter(ObservationFilterChainDecorator.java:185)
org.springframework.security.web.ObservationFilterChainDecorator$ObservationFilter.doFilter(ObservationFilterChainDecorator.java:173)
org.springframework.security.web.ObservationFilterChainDecorator$VirtualFilterChain.doFilter(ObservationFilterChainDecorator.java:134)
com.microtimemanagement.apiservice.filter.MtmSessionFilter.doFilterInternal(MtmSessionFilter.java:66)
org.springframework.web.filter.OncePerRequestFilter.doFilter(OncePerRequestFilter.java:116)
org.springframework.security.web.ObservationFilterChainDecorator$ObservationFilter.wrapFilter(ObservationFilterChainDecorator.java:185)
org.springframework.security.web.ObservationFilterChainDecorator$ObservationFilter.doFilter(ObservationFilterChainDecorator.java:173)
org.springframework.security.web.ObservationFilterChainDecorator$VirtualFilterChain.doFilter(ObservationFilterChainDecorator.java:134)
org.springframework.security.web.authentication.logout.LogoutFilter.doFilter(LogoutFilter.java:107)
org.springframework.security.web.authentication.logout.LogoutFilter.doFilter(LogoutFilter.java:93)
org.springframework.security.web.ObservationFilterChainDecorator$ObservationFilter.wrapFilter(ObservationFilterChainDecorator.java:185)
org.springframework.security.web.ObservationFilterChainDecorator$ObservationFilter.doFilter(ObservationFilterChainDecorator.java:173)
org.springframework.security.web.ObservationFilterChainDecorator$VirtualFilterChain.doFilter(ObservationFilterChainDecorator.java:134)
org.springframework.web.filter.CorsFilter.doFilterInternal(CorsFilter.java:91)
org.springframework.web.filter.OncePerRequestFilter.doFilter(OncePerRequestFilter.java:116)
org.springframework.security.web.ObservationFilterChainDecorator$ObservationFilter.wrapFilter(ObservationFilterChainDecorator.java:185)
org.springframework.security.web.ObservationFilterChainDecorator$ObservationFilter.doFilter(ObservationFilterChainDecorator.java:173)
org.springframework.security.web.ObservationFilterChainDecorator$VirtualFilterChain.doFilter(ObservationFilterChainDecorator.java:134)
org.springframework.security.web.header.HeaderWriterFilter.doHeadersAfter(HeaderWriterFilter.java:90)
org.springframework.security.web.header.HeaderWriterFilter.doFilterInternal(HeaderWriterFilter.java:75)
org.springframework.web.filter.OncePerRequestFilter.doFilter(OncePerRequestFilter.java:116)
org.springframework.security.web.ObservationFilterChainDecorator$ObservationFilter.wrapFilter(ObservationFilterChainDecorator.java:185)
org.springframework.security.web.ObservationFilterChainDecorator$ObservationFilter.doFilter(ObservationFilterChainDecorator.java:173)
org.springframework.security.web.ObservationFilterChainDecorator$VirtualFilterChain.doFilter(ObservationFilterChainDecorator.java:134)
org.springframework.security.web.context.SecurityContextHolderFilter.doFilterInternal(SecurityContextHolderFilter.java:69)
org.springframework.web.filter.OncePerRequestFilter.doFilter(OncePerRequestFilter.java:116)
org.springframework.security.web.ObservationFilterChainDecorator$ObservationFilter.wrapFilter(ObservationFilterChainDecorator.java:185)
org.springframework.security.web.ObservationFilterChainDecorator$ObservationFilter.doFilter(ObservationFilterChainDecorator.java:173)
org.springframework.security.web.ObservationFilterChainDecorator$VirtualFilterChain.doFilter(ObservationFilterChainDecorator.java:134)
org.springframework.security.web.context.request.async.WebAsyncManagerIntegrationFilter.doFilterInternal(WebAsyncManagerIntegrationFilter.java:62)
org.springframework.web.filter.OncePerRequestFilter.doFilter(OncePerRequestFilter.java:116)
org.springframework.security.web.ObservationFilterChainDecorator$ObservationFilter.wrapFilter(ObservationFilterChainDecorator.java:185)
org.springframework.security.web.ObservationFilterChainDecorator$ObservationFilter.doFilter(ObservationFilterChainDecorator.java:173)
org.springframework.security.web.ObservationFilterChainDecorator$VirtualFilterChain.doFilter(ObservationFilterChainDecorator.java:134)
org.springframework.security.web.session.DisableEncodeUrlFilter.doFilterInternal(DisableEncodeUrlFilter.java:42)
org.springframework.web.filter.OncePerRequestFilter.doFilter(OncePerRequestFilter.java:116)
org.springframework.security.web.ObservationFilterChainDecorator$ObservationFilter.wrapFilter(ObservationFilterChainDecorator.java:185)
org.springframework.security.web.ObservationFilterChainDecorator$AroundFilterObservation$SimpleAroundFilterObservation.lambda$wrap$0(ObservationFilterChainDecorator.java:278)
org.springframework.security.web.ObservationFilterChainDecorator$ObservationFilter.doFilter(ObservationFilterChainDecorator.java:170)
org.springframework.security.web.ObservationFilterChainDecorator$VirtualFilterChain.doFilter(ObservationFilterChainDecorator.java:134)
org.springframework.security.web.FilterChainProxy.doFilterInternal(FilterChainProxy.java:233)
org.springframework.security.web.FilterChainProxy.doFilter(FilterChainProxy.java:191)
org.springframework.web.filter.DelegatingFilterProxy.invokeDelegate(DelegatingFilterProxy.java:351)
org.springframework.web.filter.DelegatingFilterProxy.doFilter(DelegatingFilterProxy.java:267)
org.apache.catalina.core.ApplicationFilterChain.internalDoFilter(ApplicationFilterChain.java:185)
org.apache.catalina.core.ApplicationFilterChain.doFilter(ApplicationFilterChain.java:158)
org.springframework.web.filter.RequestContextFilter.doFilterInternal(RequestContextFilter.java:100)
org.springframework.web.filter.OncePerRequestFilter.doFilter(OncePerRequestFilter.java:116)
org.apache.catalina.core.ApplicationFilterChain.internalDoFilter(ApplicationFilterChain.java:185)
org.apache.catalina.core.ApplicationFilterChain.doFilter(ApplicationFilterChain.java:158)
org.springframework.web.filter.FormContentFilter.doFilterInternal(FormContentFilter.java:93)
org.springframework.web.filter.OncePerRequestFilter.doFilter(OncePerRequestFilter.java:116)
org.apache.catalina.core.ApplicationFilterChain.internalDoFilter(ApplicationFilterChain.java:185)
org.apache.catalina.core.ApplicationFilterChain.doFilter(ApplicationFilterChain.java:158)
org.springframework.web.filter.ServerHttpObservationFilter.doFilterInternal(ServerHttpObservationFilter.java:109)
org.springframework.web.filter.OncePerRequestFilter.doFilter(OncePerRequestFilter.java:116)
org.apache.catalina.core.ApplicationFilterChain.internalDoFilter(ApplicationFilterChain.java:185)
org.apache.catalina.core.ApplicationFilterChain.doFilter(ApplicationFilterChain.java:158)
org.springframework.web.filter.CharacterEncodingFilter.doFilterInternal(CharacterEncodingFilter.java:201)
org.springframework.web.filter.OncePerRequestFilter.doFilter(OncePerRequestFilter.java:116)
org.apache.catalina.core.ApplicationFilterChain.internalDoFilter(ApplicationFilterChain.java:185)
org.apache.catalina.core.ApplicationFilterChain.doFilter(ApplicationFilterChain.java:158)
org.apache.catalina.core.StandardWrapperValve.invoke(StandardWrapperValve.java:197)
org.apache.catalina.core.StandardContextValve.invoke(StandardContextValve.java:97)
org.apache.catalina.authenticator.AuthenticatorBase.invoke(AuthenticatorBase.java:542)
org.apache.catalina.core.StandardHostValve.invoke(StandardHostValve.java:119)
org.apache.catalina.valves.ErrorReportValve.invoke(ErrorReportValve.java:92)
org.apache.catalina.core.StandardEngineValve.invoke(StandardEngineValve.java:78)
org.apache.catalina.connector.CoyoteAdapter.service(CoyoteAdapter.java:357)
org.apache.coyote.http11.Http11Processor.service(Http11Processor.java:400)
org.apache.coyote.AbstractProcessorLight.process(AbstractProcessorLight.java:65)
org.apache.coyote.AbstractProtocol$ConnectionHandler.process(AbstractProtocol.java:861)
org.apache.tomcat.util.net.NioEndpoint$SocketProcessor.doRun(NioEndpoint.java:1739)
org.apache.tomcat.util.net.SocketProcessorBase.run(SocketProcessorBase.java:52)
org.apache.tomcat.util.threads.ThreadPoolExecutor.runWorker(ThreadPoolExecutor.java:1191)
org.apache.tomcat.util.threads.ThreadPoolExecutor$Worker.run(ThreadPoolExecutor.java:659)
org.apache.tomcat.util.threads.TaskThread$WrappingRunnable.run(TaskThread.java:61)
java.base/java.lang.Thread.run(Thread.java:833)

2022-12-27T02:38:15.426+10:00  INFO 29641 --- [main] c.m.apiservice.ApiServiceApplication     : Starting ApiServiceApplication using Java 17.0.5 with PID 29641 (/Users/vishal.dogra/Documents/Projects/MicroTimeManagement/backend/api-service/target/classes started by vishal.dogra in /Users/vishal.dogra/Documents/Projects/MicroTimeManagement/backend/api-service)
2022-12-27T02:38:15.427+10:00  INFO 29641 --- [main] c.m.apiservice.ApiServiceApplication     : No active profile set, falling back to 1 default profile: "default"
2022-12-27T02:38:15.973+10:00  INFO 29641 --- [main] .s.d.r.c.RepositoryConfigurationDelegate : Bootstrapping Spring Data MongoDB repositories in DEFAULT mode.
2022-12-27T02:38:16.009+10:00  INFO 29641 --- [main] .s.d.r.c.RepositoryConfigurationDelegate : Finished Spring Data repository scanning in 33 ms. Found 4 MongoDB repository interfaces.
2022-12-27T02:38:16.114+10:00  INFO 29641 --- [main] trationDelegate$BeanPostProcessorChecker : Bean 'authorityDefaults' of type [org.springframework.security.config.core.GrantedAuthorityDefaults] is not eligible for getting processed by all BeanPostProcessors (for example: not eligible for auto-proxying)
2022-12-27T02:38:16.267+10:00  INFO 29641 --- [main] o.s.b.w.embedded.tomcat.TomcatWebServer  : Tomcat initialized with port(s): 8080 (http)
2022-12-27T02:38:16.273+10:00  INFO 29641 --- [main] o.apache.catalina.core.StandardService   : Starting service [Tomcat]
2022-12-27T02:38:16.273+10:00  INFO 29641 --- [main] o.apache.catalina.core.StandardEngine    : Starting Servlet engine: [Apache Tomcat/10.1.1]
2022-12-27T02:38:16.313+10:00  INFO 29641 --- [main] o.a.c.c.C.[Tomcat].[localhost].[/mtm]    : Initializing Spring embedded WebApplicationContext
2022-12-27T02:38:16.314+10:00  INFO 29641 --- [main] w.s.c.ServletWebServerApplicationContext : Root WebApplicationContext: initialization completed in 828 ms
2022-12-27T02:38:16.898+10:00  INFO 29641 --- [main] org.mongodb.driver.client                : MongoClient with metadata {"driver": {"name": "mongo-java-driver|sync|spring-boot", "version": "4.8.0"}, "os": {"type": "Darwin", "name": "Mac OS X", "architecture": "aarch64", "version": "13.0.1"}, "platform": "Java/Azul Systems, Inc./17.0.5+8-LTS"} created with settings MongoClientSettings{readPreference=primary, writeConcern=WriteConcern{w=majority, wTimeout=null ms, journal=null}, retryWrites=true, retryReads=true, readConcern=ReadConcern{level=null}, credential=MongoCredential{mechanism=null, userName='spring_micro_time_manager', source='admin', password=<hidden>, mechanismProperties=<hidden>}, streamFactoryFactory=null, commandListeners=[io.micrometer.core.instrument.binder.mongodb.MongoMetricsCommandListener@6ac45c0c], codecRegistry=ProvidersCodecRegistry{codecProviders=[ValueCodecProvider{}, BsonValueCodecProvider{}, DBRefCodecProvider{}, DBObjectCodecProvider{}, DocumentCodecProvider{}, CollectionCodecProvider{}, IterableCodecProvider{}, MapCodecProvider{}, GeoJsonCodecProvider{}, GridFSFileCodecProvider{}, Jsr310CodecProvider{}, JsonObjectCodecProvider{}, BsonCodecProvider{}, EnumCodecProvider{}, com.mongodb.Jep395RecordCodecProvider@12192604]}, clusterSettings={hosts=[127.0.0.1:27017], srvHost=cluster-1.0nqvgu2.mongodb.net, srvServiceName=mongodb, mode=MULTIPLE, requiredClusterType=REPLICA_SET, requiredReplicaSetName='atlas-9rc71x-shard-0', serverSelector='null', clusterListeners='[]', serverSelectionTimeout='30000 ms', localThreshold='30000 ms'}, socketSettings=SocketSettings{connectTimeoutMS=10000, readTimeoutMS=0, receiveBufferSize=0, sendBufferSize=0}, heartbeatSocketSettings=SocketSettings{connectTimeoutMS=10000, readTimeoutMS=10000, receiveBufferSize=0, sendBufferSize=0}, connectionPoolSettings=ConnectionPoolSettings{maxSize=100, minSize=0, maxWaitTimeMS=120000, maxConnectionLifeTimeMS=0, maxConnectionIdleTimeMS=0, maintenanceInitialDelayMS=0, maintenanceFrequencyMS=60000, connectionPoolListeners=[io.micrometer.core.instrument.binder.mongodb.MongoMetricsConnectionPoolListener@6075b369], maxConnecting=2}, serverSettings=ServerSettings{heartbeatFrequencyMS=10000, minHeartbeatFrequencyMS=500, serverListeners='[]', serverMonitorListeners='[]'}, sslSettings=SslSettings{enabled=true, invalidHostNameAllowed=false, context=null}, applicationName='null', compressorList=[], uuidRepresentation=JAVA_LEGACY, serverApi=null, autoEncryptionSettings=null, contextProvider=null}
2022-12-27T02:38:17.297+10:00  INFO 29641 --- [main] o.s.b.a.e.web.EndpointLinksResolver      : Exposing 1 endpoint(s) beneath base path '/actuator'
2022-12-27T02:38:17.470+10:00  INFO 29641 --- [cluster-ClusterId{value='63a9cdf8f1dcac35d4556db6', description='null'}-srv-cluster-1.0nqvgu2.mongodb.net] org.mongodb.driver.cluster               : Adding discovered server ac-qdoa5md-shard-00-00.0nqvgu2.mongodb.net:27017 to client view of cluster
2022-12-27T02:38:17.481+10:00  INFO 29641 --- [cluster-ClusterId{value='63a9cdf8f1dcac35d4556db6', description='null'}-srv-cluster-1.0nqvgu2.mongodb.net] org.mongodb.driver.cluster               : Adding discovered server ac-qdoa5md-shard-00-02.0nqvgu2.mongodb.net:27017 to client view of cluster
2022-12-27T02:38:17.482+10:00  INFO 29641 --- [cluster-ClusterId{value='63a9cdf8f1dcac35d4556db6', description='null'}-srv-cluster-1.0nqvgu2.mongodb.net] org.mongodb.driver.cluster               : Adding discovered server ac-qdoa5md-shard-00-01.0nqvgu2.mongodb.net:27017 to client view of cluster
2022-12-27T02:38:17.678+10:00  INFO 29641 --- [main] o.s.s.web.DefaultSecurityFilterChain     : Will secure any request with [org.springframework.security.web.session.DisableEncodeUrlFilter@4f8900b0, org.springframework.security.web.context.request.async.WebAsyncManagerIntegrationFilter@e7e455d, org.springframework.security.web.context.SecurityContextHolderFilter@1c31de5d, org.springframework.security.web.header.HeaderWriterFilter@66314fee, org.springframework.web.filter.CorsFilter@33e8e146, org.springframework.security.web.authentication.logout.LogoutFilter@39e7e040, com.microtimemanagement.apiservice.filter.MtmSessionFilter@7e77678c, org.springframework.security.web.savedrequest.RequestCacheAwareFilter@772cf46b, org.springframework.security.web.servletapi.SecurityContextHolderAwareRequestFilter@45ad3cd8, org.springframework.security.web.authentication.AnonymousAuthenticationFilter@1f4d38f9, org.springframework.security.web.session.SessionManagementFilter@38ebc866, org.springframework.security.web.access.ExceptionTranslationFilter@5b5b9521, org.springframework.security.web.access.intercept.AuthorizationFilter@6fe5da76]
2022-12-27T02:38:17.853+10:00  INFO 29641 --- [main] o.s.b.w.embedded.tomcat.TomcatWebServer  : Tomcat started on port(s): 8080 (http) with context path '/mtm'
2022-12-27T02:38:17.861+10:00  INFO 29641 --- [main] c.m.apiservice.ApiServiceApplication     : Started ApiServiceApplication in 2.701 seconds (process running for 3.109)
2022-12-27T02:38:17.883+10:00  INFO 29641 --- [main] org.mongodb.driver.cluster               : No server chosen by com.mongodb.client.internal.MongoClientDelegate$1@20be793a from cluster description ClusterDescription{type=REPLICA_SET, connectionMode=MULTIPLE, serverDescriptions=[ServerDescription{address=ac-qdoa5md-shard-00-01.0nqvgu2.mongodb.net:27017, type=UNKNOWN, state=CONNECTING}, ServerDescription{address=ac-qdoa5md-shard-00-00.0nqvgu2.mongodb.net:27017, type=UNKNOWN, state=CONNECTING}, ServerDescription{address=ac-qdoa5md-shard-00-02.0nqvgu2.mongodb.net:27017, type=UNKNOWN, state=CONNECTING}]}. Waiting for 30000 ms before timing out
2022-12-27T02:38:18.169+10:00  INFO 29641 --- [cluster-ClusterId{value='63a9cdf8f1dcac35d4556db6', description='null'}-ac-qdoa5md-shard-00-01.0nqvgu2.mongodb.net:27017] org.mongodb.driver.cluster               : Monitor thread successfully connected to server with description ServerDescription{address=ac-qdoa5md-shard-00-01.0nqvgu2.mongodb.net:27017, type=REPLICA_SET_SECONDARY, state=CONNECTED, ok=true, minWireVersion=0, maxWireVersion=13, maxDocumentSize=16777216, logicalSessionTimeoutMinutes=30, roundTripTimeNanos=186289292, setName='atlas-9rc71x-shard-0', canonicalAddress=ac-qdoa5md-shard-00-01.0nqvgu2.mongodb.net:27017, hosts=[ac-qdoa5md-shard-00-01.0nqvgu2.mongodb.net:27017, ac-qdoa5md-shard-00-02.0nqvgu2.mongodb.net:27017, ac-qdoa5md-shard-00-00.0nqvgu2.mongodb.net:27017], passives=[], arbiters=[], primary='ac-qdoa5md-shard-00-02.0nqvgu2.mongodb.net:27017', tagSet=TagSet{[Tag{name='nodeType', value='ELECTABLE'}, Tag{name='provider', value='AWS'}, Tag{name='region', value='AP_SOUTHEAST_2'}, Tag{name='workloadType', value='OPERATIONAL'}]}, electionId=null, setVersion=7, topologyVersion=TopologyVersion{processId=637bdf250b281ae46cfb3a13, counter=3}, lastWriteDate=Tue Dec 27 02:38:18 AEST 2022, lastUpdateTimeNanos=508448841155958}
2022-12-27T02:38:18.178+10:00  INFO 29641 --- [main] org.mongodb.driver.cluster               : No server chosen by ReadPreferenceServerSelector{readPreference=primary} from cluster description ClusterDescription{type=REPLICA_SET, connectionMode=MULTIPLE, serverDescriptions=[ServerDescription{address=ac-qdoa5md-shard-00-01.0nqvgu2.mongodb.net:27017, type=REPLICA_SET_SECONDARY, state=CONNECTED, ok=true, minWireVersion=0, maxWireVersion=13, maxDocumentSize=16777216, logicalSessionTimeoutMinutes=30, roundTripTimeNanos=186289292, setName='atlas-9rc71x-shard-0', canonicalAddress=ac-qdoa5md-shard-00-01.0nqvgu2.mongodb.net:27017, hosts=[ac-qdoa5md-shard-00-01.0nqvgu2.mongodb.net:27017, ac-qdoa5md-shard-00-02.0nqvgu2.mongodb.net:27017, ac-qdoa5md-shard-00-00.0nqvgu2.mongodb.net:27017], passives=[], arbiters=[], primary='ac-qdoa5md-shard-00-02.0nqvgu2.mongodb.net:27017', tagSet=TagSet{[Tag{name='nodeType', value='ELECTABLE'}, Tag{name='provider', value='AWS'}, Tag{name='region', value='AP_SOUTHEAST_2'}, Tag{name='workloadType', value='OPERATIONAL'}]}, electionId=null, setVersion=7, topologyVersion=TopologyVersion{processId=637bdf250b281ae46cfb3a13, counter=3}, lastWriteDate=Tue Dec 27 02:38:18 AEST 2022, lastUpdateTimeNanos=508448841155958}, ServerDescription{address=ac-qdoa5md-shard-00-00.0nqvgu2.mongodb.net:27017, type=UNKNOWN, state=CONNECTING}, ServerDescription{address=ac-qdoa5md-shard-00-02.0nqvgu2.mongodb.net:27017, type=UNKNOWN, state=CONNECTING}]}. Waiting for 30000 ms before timing out
2022-12-27T02:38:18.488+10:00  INFO 29641 --- [cluster-ClusterId{value='63a9cdf8f1dcac35d4556db6', description='null'}-ac-qdoa5md-shard-00-00.0nqvgu2.mongodb.net:27017] org.mongodb.driver.cluster               : Monitor thread successfully connected to server with description ServerDescription{address=ac-qdoa5md-shard-00-00.0nqvgu2.mongodb.net:27017, type=REPLICA_SET_SECONDARY, state=CONNECTED, ok=true, minWireVersion=0, maxWireVersion=13, maxDocumentSize=16777216, logicalSessionTimeoutMinutes=30, roundTripTimeNanos=161355250, setName='atlas-9rc71x-shard-0', canonicalAddress=ac-qdoa5md-shard-00-00.0nqvgu2.mongodb.net:27017, hosts=[ac-qdoa5md-shard-00-01.0nqvgu2.mongodb.net:27017, ac-qdoa5md-shard-00-02.0nqvgu2.mongodb.net:27017, ac-qdoa5md-shard-00-00.0nqvgu2.mongodb.net:27017], passives=[], arbiters=[], primary='ac-qdoa5md-shard-00-02.0nqvgu2.mongodb.net:27017', tagSet=TagSet{[Tag{name='nodeType', value='ELECTABLE'}, Tag{name='provider', value='AWS'}, Tag{name='region', value='AP_SOUTHEAST_2'}, Tag{name='workloadType', value='OPERATIONAL'}]}, electionId=null, setVersion=7, topologyVersion=TopologyVersion{processId=637bdc717fad65cabd5e28ae, counter=5}, lastWriteDate=Tue Dec 27 02:38:18 AEST 2022, lastUpdateTimeNanos=508449160319791}
2022-12-27T02:38:18.620+10:00  INFO 29641 --- [cluster-ClusterId{value='63a9cdf8f1dcac35d4556db6', description='null'}-ac-qdoa5md-shard-00-02.0nqvgu2.mongodb.net:27017] org.mongodb.driver.cluster               : Monitor thread successfully connected to server with description ServerDescription{address=ac-qdoa5md-shard-00-02.0nqvgu2.mongodb.net:27017, type=REPLICA_SET_PRIMARY, state=CONNECTED, ok=true, minWireVersion=0, maxWireVersion=13, maxDocumentSize=16777216, logicalSessionTimeoutMinutes=30, roundTripTimeNanos=134324958, setName='atlas-9rc71x-shard-0', canonicalAddress=ac-qdoa5md-shard-00-02.0nqvgu2.mongodb.net:27017, hosts=[ac-qdoa5md-shard-00-01.0nqvgu2.mongodb.net:27017, ac-qdoa5md-shard-00-02.0nqvgu2.mongodb.net:27017, ac-qdoa5md-shard-00-00.0nqvgu2.mongodb.net:27017], passives=[], arbiters=[], primary='ac-qdoa5md-shard-00-02.0nqvgu2.mongodb.net:27017', tagSet=TagSet{[Tag{name='nodeType', value='ELECTABLE'}, Tag{name='provider', value='AWS'}, Tag{name='region', value='AP_SOUTHEAST_2'}, Tag{name='workloadType', value='OPERATIONAL'}]}, electionId=7fffffff0000000000000056, setVersion=7, topologyVersion=TopologyVersion{processId=637bddcac20996e771c03241, counter=6}, lastWriteDate=Tue Dec 27 02:38:18 AEST 2022, lastUpdateTimeNanos=508449292847416}
2022-12-27T02:38:18.621+10:00  INFO 29641 --- [cluster-ClusterId{value='63a9cdf8f1dcac35d4556db6', description='null'}-ac-qdoa5md-shard-00-02.0nqvgu2.mongodb.net:27017] org.mongodb.driver.cluster               : Discovered replica set primary ac-qdoa5md-shard-00-02.0nqvgu2.mongodb.net:27017 with max election id 7fffffff0000000000000056 and max set version 7
2022-12-27T02:38:25.708+10:00  INFO 29641 --- [http-nio-8080-exec-1] o.a.c.c.C.[Tomcat].[localhost].[/mtm]    : Initializing Spring DispatcherServlet 'dispatcherServlet'
2022-12-27T02:38:25.709+10:00  INFO 29641 --- [http-nio-8080-exec-1] o.s.web.servlet.DispatcherServlet        : Initializing Servlet 'dispatcherServlet'
2022-12-27T02:38:25.714+10:00  INFO 29641 --- [http-nio-8080-exec-1] o.s.web.servlet.DispatcherServlet        : Completed initialization in 5 ms
2022-12-27T02:38:25.873+10:00  INFO 29641 --- [http-nio-8080-exec-1] c.m.apiservice.utils.JwtUtils            : Parsed claims: header={alg=HS512},body={authorities=[ROLE_MTM_USER], sub=string, iat=1672071124, exp=1672157524},signature=_AyDfH-Lr1XbkjV3nGIMhFkpziB8mBJqEnm8dsXAZOT-pUs6475unBpiM1cVBU7vT7lcUim1jY0mX0A4X_1HWg
2022-12-27T02:38:25.901+10:00  INFO 29641 --- [http-nio-8080-exec-1] croTimeManagementAuthenticationException : MicroTimeManagementBadRequestException: Invalid session token.
2022-12-27T02:38:25.902+10:00 ERROR 29641 --- [http-nio-8080-exec-1] o.a.c.c.C.[.[.[.[dispatcherServlet]      : Servlet.service() for servlet [dispatcherServlet] in context with path [/mtm] threw exception

com.microtimemanagement.apiservice.exceptions.MicroTimeManagementAuthenticationException: Invalid session token.
	at com.microtimemanagement.apiservice.filter.MtmSessionFilter.doFilterInternal(MtmSessionFilter.java:52) ~[classes/:na]
	at org.springframework.web.filter.OncePerRequestFilter.doFilter(OncePerRequestFilter.java:116) ~[spring-web-6.0.2.jar:6.0.2]
	at org.springframework.security.web.ObservationFilterChainDecorator$ObservationFilter.wrapFilter(ObservationFilterChainDecorator.java:185) ~[spring-security-web-6.0.0.jar:6.0.0]
	at org.springframework.security.web.ObservationFilterChainDecorator$ObservationFilter.doFilter(ObservationFilterChainDecorator.java:173) ~[spring-security-web-6.0.0.jar:6.0.0]
	at org.springframework.security.web.ObservationFilterChainDecorator$VirtualFilterChain.doFilter(ObservationFilterChainDecorator.java:134) ~[spring-security-web-6.0.0.jar:6.0.0]
	at org.springframework.security.web.authentication.logout.LogoutFilter.doFilter(LogoutFilter.java:107) ~[spring-security-web-6.0.0.jar:6.0.0]
	at org.springframework.security.web.authentication.logout.LogoutFilter.doFilter(LogoutFilter.java:93) ~[spring-security-web-6.0.0.jar:6.0.0]
	at org.springframework.security.web.ObservationFilterChainDecorator$ObservationFilter.wrapFilter(ObservationFilterChainDecorator.java:185) ~[spring-security-web-6.0.0.jar:6.0.0]
	at org.springframework.security.web.ObservationFilterChainDecorator$ObservationFilter.doFilter(ObservationFilterChainDecorator.java:173) ~[spring-security-web-6.0.0.jar:6.0.0]
	at org.springframework.security.web.ObservationFilterChainDecorator$VirtualFilterChain.doFilter(ObservationFilterChainDecorator.java:134) ~[spring-security-web-6.0.0.jar:6.0.0]
	at org.springframework.web.filter.CorsFilter.doFilterInternal(CorsFilter.java:91) ~[spring-web-6.0.2.jar:6.0.2]
	at org.springframework.web.filter.OncePerRequestFilter.doFilter(OncePerRequestFilter.java:116) ~[spring-web-6.0.2.jar:6.0.2]
	at org.springframework.security.web.ObservationFilterChainDecorator$ObservationFilter.wrapFilter(ObservationFilterChainDecorator.java:185) ~[spring-security-web-6.0.0.jar:6.0.0]
	at org.springframework.security.web.ObservationFilterChainDecorator$ObservationFilter.doFilter(ObservationFilterChainDecorator.java:173) ~[spring-security-web-6.0.0.jar:6.0.0]
	at org.springframework.security.web.ObservationFilterChainDecorator$VirtualFilterChain.doFilter(ObservationFilterChainDecorator.java:134) ~[spring-security-web-6.0.0.jar:6.0.0]
	at org.springframework.security.web.header.HeaderWriterFilter.doHeadersAfter(HeaderWriterFilter.java:90) ~[spring-security-web-6.0.0.jar:6.0.0]
	at org.springframework.security.web.header.HeaderWriterFilter.doFilterInternal(HeaderWriterFilter.java:75) ~[spring-security-web-6.0.0.jar:6.0.0]
	at org.springframework.web.filter.OncePerRequestFilter.doFilter(OncePerRequestFilter.java:116) ~[spring-web-6.0.2.jar:6.0.2]
	at org.springframework.security.web.ObservationFilterChainDecorator$ObservationFilter.wrapFilter(ObservationFilterChainDecorator.java:185) ~[spring-security-web-6.0.0.jar:6.0.0]
	at org.springframework.security.web.ObservationFilterChainDecorator$ObservationFilter.doFilter(ObservationFilterChainDecorator.java:173) ~[spring-security-web-6.0.0.jar:6.0.0]
	at org.springframework.security.web.ObservationFilterChainDecorator$VirtualFilterChain.doFilter(ObservationFilterChainDecorator.java:134) ~[spring-security-web-6.0.0.jar:6.0.0]
	at org.springframework.security.web.context.SecurityContextHolderFilter.doFilterInternal(SecurityContextHolderFilter.java:69) ~[spring-security-web-6.0.0.jar:6.0.0]
	at org.springframework.web.filter.OncePerRequestFilter.doFilter(OncePerRequestFilter.java:116) ~[spring-web-6.0.2.jar:6.0.2]
	at org.springframework.security.web.ObservationFilterChainDecorator$ObservationFilter.wrapFilter(ObservationFilterChainDecorator.java:185) ~[spring-security-web-6.0.0.jar:6.0.0]
	at org.springframework.security.web.ObservationFilterChainDecorator$ObservationFilter.doFilter(ObservationFilterChainDecorator.java:173) ~[spring-security-web-6.0.0.jar:6.0.0]
	at org.springframework.security.web.ObservationFilterChainDecorator$VirtualFilterChain.doFilter(ObservationFilterChainDecorator.java:134) ~[spring-security-web-6.0.0.jar:6.0.0]
	at org.springframework.security.web.context.request.async.WebAsyncManagerIntegrationFilter.doFilterInternal(WebAsyncManagerIntegrationFilter.java:62) ~[spring-security-web-6.0.0.jar:6.0.0]
	at org.springframework.web.filter.OncePerRequestFilter.doFilter(OncePerRequestFilter.java:116) ~[spring-web-6.0.2.jar:6.0.2]
	at org.springframework.security.web.ObservationFilterChainDecorator$ObservationFilter.wrapFilter(ObservationFilterChainDecorator.java:185) ~[spring-security-web-6.0.0.jar:6.0.0]
	at org.springframework.security.web.ObservationFilterChainDecorator$ObservationFilter.doFilter(ObservationFilterChainDecorator.java:173) ~[spring-security-web-6.0.0.jar:6.0.0]
	at org.springframework.security.web.ObservationFilterChainDecorator$VirtualFilterChain.doFilter(ObservationFilterChainDecorator.java:134) ~[spring-security-web-6.0.0.jar:6.0.0]
	at org.springframework.security.web.session.DisableEncodeUrlFilter.doFilterInternal(DisableEncodeUrlFilter.java:42) ~[spring-security-web-6.0.0.jar:6.0.0]
	at org.springframework.web.filter.OncePerRequestFilter.doFilter(OncePerRequestFilter.java:116) ~[spring-web-6.0.2.jar:6.0.2]
	at org.springframework.security.web.ObservationFilterChainDecorator$ObservationFilter.wrapFilter(ObservationFilterChainDecorator.java:185) ~[spring-security-web-6.0.0.jar:6.0.0]
	at org.springframework.security.web.ObservationFilterChainDecorator$AroundFilterObservation$SimpleAroundFilterObservation.lambda$wrap$0(ObservationFilterChainDecorator.java:278) ~[spring-security-web-6.0.0.jar:6.0.0]
	at org.springframework.security.web.ObservationFilterChainDecorator$ObservationFilter.doFilter(ObservationFilterChainDecorator.java:170) ~[spring-security-web-6.0.0.jar:6.0.0]
	at org.springframework.security.web.ObservationFilterChainDecorator$VirtualFilterChain.doFilter(ObservationFilterChainDecorator.java:134) ~[spring-security-web-6.0.0.jar:6.0.0]
	at org.springframework.security.web.FilterChainProxy.doFilterInternal(FilterChainProxy.java:233) ~[spring-security-web-6.0.0.jar:6.0.0]
	at org.springframework.security.web.FilterChainProxy.doFilter(FilterChainProxy.java:191) ~[spring-security-web-6.0.0.jar:6.0.0]
	at org.springframework.web.filter.DelegatingFilterProxy.invokeDelegate(DelegatingFilterProxy.java:351) ~[spring-web-6.0.2.jar:6.0.2]
	at org.springframework.web.filter.DelegatingFilterProxy.doFilter(DelegatingFilterProxy.java:267) ~[spring-web-6.0.2.jar:6.0.2]
	at org.apache.catalina.core.ApplicationFilterChain.internalDoFilter(ApplicationFilterChain.java:185) ~[tomcat-embed-core-10.1.1.jar:10.1.1]
	at org.apache.catalina.core.ApplicationFilterChain.doFilter(ApplicationFilterChain.java:158) ~[tomcat-embed-core-10.1.1.jar:10.1.1]
	at org.springframework.web.filter.RequestContextFilter.doFilterInternal(RequestContextFilter.java:100) ~[spring-web-6.0.2.jar:6.0.2]
	at org.springframework.web.filter.OncePerRequestFilter.doFilter(OncePerRequestFilter.java:116) ~[spring-web-6.0.2.jar:6.0.2]
	at org.apache.catalina.core.ApplicationFilterChain.internalDoFilter(ApplicationFilterChain.java:185) ~[tomcat-embed-core-10.1.1.jar:10.1.1]
	at org.apache.catalina.core.ApplicationFilterChain.doFilter(ApplicationFilterChain.java:158) ~[tomcat-embed-core-10.1.1.jar:10.1.1]
	at org.springframework.web.filter.FormContentFilter.doFilterInternal(FormContentFilter.java:93) ~[spring-web-6.0.2.jar:6.0.2]
	at org.springframework.web.filter.OncePerRequestFilter.doFilter(OncePerRequestFilter.java:116) ~[spring-web-6.0.2.jar:6.0.2]
	at org.apache.catalina.core.ApplicationFilterChain.internalDoFilter(ApplicationFilterChain.java:185) ~[tomcat-embed-core-10.1.1.jar:10.1.1]
	at org.apache.catalina.core.ApplicationFilterChain.doFilter(ApplicationFilterChain.java:158) ~[tomcat-embed-core-10.1.1.jar:10.1.1]
	at org.springframework.web.filter.ServerHttpObservationFilter.doFilterInternal(ServerHttpObservationFilter.java:109) ~[spring-web-6.0.2.jar:6.0.2]
	at org.springframework.web.filter.OncePerRequestFilter.doFilter(OncePerRequestFilter.java:116) ~[spring-web-6.0.2.jar:6.0.2]
	at org.apache.catalina.core.ApplicationFilterChain.internalDoFilter(ApplicationFilterChain.java:185) ~[tomcat-embed-core-10.1.1.jar:10.1.1]
	at org.apache.catalina.core.ApplicationFilterChain.doFilter(ApplicationFilterChain.java:158) ~[tomcat-embed-core-10.1.1.jar:10.1.1]
	at org.springframework.web.filter.CharacterEncodingFilter.doFilterInternal(CharacterEncodingFilter.java:201) ~[spring-web-6.0.2.jar:6.0.2]
	at org.springframework.web.filter.OncePerRequestFilter.doFilter(OncePerRequestFilter.java:116) ~[spring-web-6.0.2.jar:6.0.2]
	at org.apache.catalina.core.ApplicationFilterChain.internalDoFilter(ApplicationFilterChain.java:185) ~[tomcat-embed-core-10.1.1.jar:10.1.1]
	at org.apache.catalina.core.ApplicationFilterChain.doFilter(ApplicationFilterChain.java:158) ~[tomcat-embed-core-10.1.1.jar:10.1.1]
	at org.apache.catalina.core.StandardWrapperValve.invoke(StandardWrapperValve.java:197) ~[tomcat-embed-core-10.1.1.jar:10.1.1]
	at org.apache.catalina.core.StandardContextValve.invoke(StandardContextValve.java:97) ~[tomcat-embed-core-10.1.1.jar:10.1.1]
	at org.apache.catalina.authenticator.AuthenticatorBase.invoke(AuthenticatorBase.java:542) ~[tomcat-embed-core-10.1.1.jar:10.1.1]
	at org.apache.catalina.core.StandardHostValve.invoke(StandardHostValve.java:119) ~[tomcat-embed-core-10.1.1.jar:10.1.1]
	at org.apache.catalina.valves.ErrorReportValve.invoke(ErrorReportValve.java:92) ~[tomcat-embed-core-10.1.1.jar:10.1.1]
	at org.apache.catalina.core.StandardEngineValve.invoke(StandardEngineValve.java:78) ~[tomcat-embed-core-10.1.1.jar:10.1.1]
	at org.apache.catalina.connector.CoyoteAdapter.service(CoyoteAdapter.java:357) ~[tomcat-embed-core-10.1.1.jar:10.1.1]
	at org.apache.coyote.http11.Http11Processor.service(Http11Processor.java:400) ~[tomcat-embed-core-10.1.1.jar:10.1.1]
	at org.apache.coyote.AbstractProcessorLight.process(AbstractProcessorLight.java:65) ~[tomcat-embed-core-10.1.1.jar:10.1.1]
	at org.apache.coyote.AbstractProtocol$ConnectionHandler.process(AbstractProtocol.java:861) ~[tomcat-embed-core-10.1.1.jar:10.1.1]
	at org.apache.tomcat.util.net.NioEndpoint$SocketProcessor.doRun(NioEndpoint.java:1739) ~[tomcat-embed-core-10.1.1.jar:10.1.1]
	at org.apache.tomcat.util.net.SocketProcessorBase.run(SocketProcessorBase.java:52) ~[tomcat-embed-core-10.1.1.jar:10.1.1]
	at org.apache.tomcat.util.threads.ThreadPoolExecutor.runWorker(ThreadPoolExecutor.java:1191) ~[tomcat-embed-core-10.1.1.jar:10.1.1]
	at org.apache.tomcat.util.threads.ThreadPoolExecutor$Worker.run(ThreadPoolExecutor.java:659) ~[tomcat-embed-core-10.1.1.jar:10.1.1]
	at org.apache.tomcat.util.threads.TaskThread$WrappingRunnable.run(TaskThread.java:61) ~[tomcat-embed-core-10.1.1.jar:10.1.1]
	at java.base/java.lang.Thread.run(Thread.java:833) ~[na:na]

2022-12-27T02:41:42.423+10:00  INFO 29683 --- [main] c.m.apiservice.ApiServiceApplication     : Starting ApiServiceApplication using Java 17.0.5 with PID 29683 (/Users/vishal.dogra/Documents/Projects/MicroTimeManagement/backend/api-service/target/classes started by vishal.dogra in /Users/vishal.dogra/Documents/Projects/MicroTimeManagement/backend/api-service)
2022-12-27T02:41:42.426+10:00  INFO 29683 --- [main] c.m.apiservice.ApiServiceApplication     : No active profile set, falling back to 1 default profile: "default"
2022-12-27T02:41:42.994+10:00  INFO 29683 --- [main] .s.d.r.c.RepositoryConfigurationDelegate : Bootstrapping Spring Data MongoDB repositories in DEFAULT mode.
2022-12-27T02:41:43.026+10:00  INFO 29683 --- [main] .s.d.r.c.RepositoryConfigurationDelegate : Finished Spring Data repository scanning in 30 ms. Found 4 MongoDB repository interfaces.
2022-12-27T02:41:43.126+10:00  INFO 29683 --- [main] trationDelegate$BeanPostProcessorChecker : Bean 'authorityDefaults' of type [org.springframework.security.config.core.GrantedAuthorityDefaults] is not eligible for getting processed by all BeanPostProcessors (for example: not eligible for auto-proxying)
2022-12-27T02:41:43.256+10:00  INFO 29683 --- [main] o.s.b.w.embedded.tomcat.TomcatWebServer  : Tomcat initialized with port(s): 8080 (http)
2022-12-27T02:41:43.261+10:00  INFO 29683 --- [main] o.apache.catalina.core.StandardService   : Starting service [Tomcat]
2022-12-27T02:41:43.261+10:00  INFO 29683 --- [main] o.apache.catalina.core.StandardEngine    : Starting Servlet engine: [Apache Tomcat/10.1.1]
2022-12-27T02:41:43.297+10:00  INFO 29683 --- [main] o.a.c.c.C.[Tomcat].[localhost].[/mtm]    : Initializing Spring embedded WebApplicationContext
2022-12-27T02:41:43.297+10:00  INFO 29683 --- [main] w.s.c.ServletWebServerApplicationContext : Root WebApplicationContext: initialization completed in 819 ms
2022-12-27T02:41:43.549+10:00  INFO 29683 --- [main] org.mongodb.driver.client                : MongoClient with metadata {"driver": {"name": "mongo-java-driver|sync|spring-boot", "version": "4.8.0"}, "os": {"type": "Darwin", "name": "Mac OS X", "architecture": "aarch64", "version": "13.0.1"}, "platform": "Java/Azul Systems, Inc./17.0.5+8-LTS"} created with settings MongoClientSettings{readPreference=primary, writeConcern=WriteConcern{w=majority, wTimeout=null ms, journal=null}, retryWrites=true, retryReads=true, readConcern=ReadConcern{level=null}, credential=MongoCredential{mechanism=null, userName='spring_micro_time_manager', source='admin', password=<hidden>, mechanismProperties=<hidden>}, streamFactoryFactory=null, commandListeners=[io.micrometer.core.instrument.binder.mongodb.MongoMetricsCommandListener@5d7dd549], codecRegistry=ProvidersCodecRegistry{codecProviders=[ValueCodecProvider{}, BsonValueCodecProvider{}, DBRefCodecProvider{}, DBObjectCodecProvider{}, DocumentCodecProvider{}, CollectionCodecProvider{}, IterableCodecProvider{}, MapCodecProvider{}, GeoJsonCodecProvider{}, GridFSFileCodecProvider{}, Jsr310CodecProvider{}, JsonObjectCodecProvider{}, BsonCodecProvider{}, EnumCodecProvider{}, com.mongodb.Jep395RecordCodecProvider@486bd064]}, clusterSettings={hosts=[127.0.0.1:27017], srvHost=cluster-1.0nqvgu2.mongodb.net, srvServiceName=mongodb, mode=MULTIPLE, requiredClusterType=REPLICA_SET, requiredReplicaSetName='atlas-9rc71x-shard-0', serverSelector='null', clusterListeners='[]', serverSelectionTimeout='30000 ms', localThreshold='30000 ms'}, socketSettings=SocketSettings{connectTimeoutMS=10000, readTimeoutMS=0, receiveBufferSize=0, sendBufferSize=0}, heartbeatSocketSettings=SocketSettings{connectTimeoutMS=10000, readTimeoutMS=10000, receiveBufferSize=0, sendBufferSize=0}, connectionPoolSettings=ConnectionPoolSettings{maxSize=100, minSize=0, maxWaitTimeMS=120000, maxConnectionLifeTimeMS=0, maxConnectionIdleTimeMS=0, maintenanceInitialDelayMS=0, maintenanceFrequencyMS=60000, connectionPoolListeners=[io.micrometer.core.instrument.binder.mongodb.MongoMetricsConnectionPoolListener@6459f4ea], maxConnecting=2}, serverSettings=ServerSettings{heartbeatFrequencyMS=10000, minHeartbeatFrequencyMS=500, serverListeners='[]', serverMonitorListeners='[]'}, sslSettings=SslSettings{enabled=true, invalidHostNameAllowed=false, context=null}, applicationName='null', compressorList=[], uuidRepresentation=JAVA_LEGACY, serverApi=null, autoEncryptionSettings=null, contextProvider=null}
2022-12-27T02:41:43.703+10:00  INFO 29683 --- [cluster-ClusterId{value='63a9cec70c34165dbb8d093e', description='null'}-srv-cluster-1.0nqvgu2.mongodb.net] org.mongodb.driver.cluster               : Adding discovered server ac-qdoa5md-shard-00-00.0nqvgu2.mongodb.net:27017 to client view of cluster
2022-12-27T02:41:43.714+10:00  INFO 29683 --- [cluster-ClusterId{value='63a9cec70c34165dbb8d093e', description='null'}-srv-cluster-1.0nqvgu2.mongodb.net] org.mongodb.driver.cluster               : Adding discovered server ac-qdoa5md-shard-00-02.0nqvgu2.mongodb.net:27017 to client view of cluster
2022-12-27T02:41:43.715+10:00  INFO 29683 --- [cluster-ClusterId{value='63a9cec70c34165dbb8d093e', description='null'}-srv-cluster-1.0nqvgu2.mongodb.net] org.mongodb.driver.cluster               : Adding discovered server ac-qdoa5md-shard-00-01.0nqvgu2.mongodb.net:27017 to client view of cluster
2022-12-27T02:41:43.953+10:00  INFO 29683 --- [main] o.s.b.a.e.web.EndpointLinksResolver      : Exposing 1 endpoint(s) beneath base path '/actuator'
2022-12-27T02:41:44.025+10:00  INFO 29683 --- [cluster-ClusterId{value='63a9cec70c34165dbb8d093e', description='null'}-ac-qdoa5md-shard-00-01.0nqvgu2.mongodb.net:27017] org.mongodb.driver.cluster               : Monitor thread successfully connected to server with description ServerDescription{address=ac-qdoa5md-shard-00-01.0nqvgu2.mongodb.net:27017, type=REPLICA_SET_SECONDARY, state=CONNECTED, ok=true, minWireVersion=0, maxWireVersion=13, maxDocumentSize=16777216, logicalSessionTimeoutMinutes=30, roundTripTimeNanos=145216792, setName='atlas-9rc71x-shard-0', canonicalAddress=ac-qdoa5md-shard-00-01.0nqvgu2.mongodb.net:27017, hosts=[ac-qdoa5md-shard-00-01.0nqvgu2.mongodb.net:27017, ac-qdoa5md-shard-00-02.0nqvgu2.mongodb.net:27017, ac-qdoa5md-shard-00-00.0nqvgu2.mongodb.net:27017], passives=[], arbiters=[], primary='ac-qdoa5md-shard-00-02.0nqvgu2.mongodb.net:27017', tagSet=TagSet{[Tag{name='nodeType', value='ELECTABLE'}, Tag{name='provider', value='AWS'}, Tag{name='region', value='AP_SOUTHEAST_2'}, Tag{name='workloadType', value='OPERATIONAL'}]}, electionId=null, setVersion=7, topologyVersion=TopologyVersion{processId=637bdf250b281ae46cfb3a13, counter=3}, lastWriteDate=Tue Dec 27 02:41:44 AEST 2022, lastUpdateTimeNanos=508654696918041}
2022-12-27T02:41:44.025+10:00  INFO 29683 --- [cluster-ClusterId{value='63a9cec70c34165dbb8d093e', description='null'}-ac-qdoa5md-shard-00-02.0nqvgu2.mongodb.net:27017] org.mongodb.driver.cluster               : Monitor thread successfully connected to server with description ServerDescription{address=ac-qdoa5md-shard-00-02.0nqvgu2.mongodb.net:27017, type=REPLICA_SET_PRIMARY, state=CONNECTED, ok=true, minWireVersion=0, maxWireVersion=13, maxDocumentSize=16777216, logicalSessionTimeoutMinutes=30, roundTripTimeNanos=145177250, setName='atlas-9rc71x-shard-0', canonicalAddress=ac-qdoa5md-shard-00-02.0nqvgu2.mongodb.net:27017, hosts=[ac-qdoa5md-shard-00-01.0nqvgu2.mongodb.net:27017, ac-qdoa5md-shard-00-02.0nqvgu2.mongodb.net:27017, ac-qdoa5md-shard-00-00.0nqvgu2.mongodb.net:27017], passives=[], arbiters=[], primary='ac-qdoa5md-shard-00-02.0nqvgu2.mongodb.net:27017', tagSet=TagSet{[Tag{name='nodeType', value='ELECTABLE'}, Tag{name='provider', value='AWS'}, Tag{name='region', value='AP_SOUTHEAST_2'}, Tag{name='workloadType', value='OPERATIONAL'}]}, electionId=7fffffff0000000000000056, setVersion=7, topologyVersion=TopologyVersion{processId=637bddcac20996e771c03241, counter=6}, lastWriteDate=Tue Dec 27 02:41:44 AEST 2022, lastUpdateTimeNanos=508654696880458}
2022-12-27T02:41:44.025+10:00  INFO 29683 --- [cluster-ClusterId{value='63a9cec70c34165dbb8d093e', description='null'}-ac-qdoa5md-shard-00-00.0nqvgu2.mongodb.net:27017] org.mongodb.driver.cluster               : Monitor thread successfully connected to server with description ServerDescription{address=ac-qdoa5md-shard-00-00.0nqvgu2.mongodb.net:27017, type=REPLICA_SET_SECONDARY, state=CONNECTED, ok=true, minWireVersion=0, maxWireVersion=13, maxDocumentSize=16777216, logicalSessionTimeoutMinutes=30, roundTripTimeNanos=151175208, setName='atlas-9rc71x-shard-0', canonicalAddress=ac-qdoa5md-shard-00-00.0nqvgu2.mongodb.net:27017, hosts=[ac-qdoa5md-shard-00-01.0nqvgu2.mongodb.net:27017, ac-qdoa5md-shard-00-02.0nqvgu2.mongodb.net:27017, ac-qdoa5md-shard-00-00.0nqvgu2.mongodb.net:27017], passives=[], arbiters=[], primary='ac-qdoa5md-shard-00-02.0nqvgu2.mongodb.net:27017', tagSet=TagSet{[Tag{name='nodeType', value='ELECTABLE'}, Tag{name='provider', value='AWS'}, Tag{name='region', value='AP_SOUTHEAST_2'}, Tag{name='workloadType', value='OPERATIONAL'}]}, electionId=null, setVersion=7, topologyVersion=TopologyVersion{processId=637bdc717fad65cabd5e28ae, counter=5}, lastWriteDate=Tue Dec 27 02:41:44 AEST 2022, lastUpdateTimeNanos=508654696929916}
2022-12-27T02:41:44.026+10:00  INFO 29683 --- [cluster-ClusterId{value='63a9cec70c34165dbb8d093e', description='null'}-ac-qdoa5md-shard-00-02.0nqvgu2.mongodb.net:27017] org.mongodb.driver.cluster               : Discovered replica set primary ac-qdoa5md-shard-00-02.0nqvgu2.mongodb.net:27017 with max election id 7fffffff0000000000000056 and max set version 7
2022-12-27T02:41:44.323+10:00  INFO 29683 --- [main] o.s.s.web.DefaultSecurityFilterChain     : Will secure any request with [org.springframework.security.web.session.DisableEncodeUrlFilter@45ad3cd8, org.springframework.security.web.context.request.async.WebAsyncManagerIntegrationFilter@2b90cc1, org.springframework.security.web.context.SecurityContextHolderFilter@4cef0747, org.springframework.security.web.header.HeaderWriterFilter@cb318ac, org.springframework.web.filter.CorsFilter@5a2f401a, org.springframework.security.web.authentication.logout.LogoutFilter@14b5325f, com.microtimemanagement.apiservice.filter.MtmSessionFilter@5cdf221a, org.springframework.security.web.savedrequest.RequestCacheAwareFilter@6aaa678d, org.springframework.security.web.servletapi.SecurityContextHolderAwareRequestFilter@352c3d70, org.springframework.security.web.authentication.AnonymousAuthenticationFilter@6bdedbbd, org.springframework.security.web.session.SessionManagementFilter@35f760a4, org.springframework.security.web.access.ExceptionTranslationFilter@543da15, org.springframework.security.web.access.intercept.AuthorizationFilter@949d347]
2022-12-27T02:41:44.501+10:00  INFO 29683 --- [main] o.s.b.w.embedded.tomcat.TomcatWebServer  : Tomcat started on port(s): 8080 (http) with context path '/mtm'
2022-12-27T02:41:44.511+10:00  INFO 29683 --- [main] c.m.apiservice.ApiServiceApplication     : Started ApiServiceApplication in 2.502 seconds (process running for 2.924)
2022-12-27T02:41:45.082+10:00  INFO 29683 --- [http-nio-8080-exec-1] o.a.c.c.C.[Tomcat].[localhost].[/mtm]    : Initializing Spring DispatcherServlet 'dispatcherServlet'
2022-12-27T02:41:45.082+10:00  INFO 29683 --- [http-nio-8080-exec-1] o.s.web.servlet.DispatcherServlet        : Initializing Servlet 'dispatcherServlet'
2022-12-27T02:41:45.084+10:00  INFO 29683 --- [http-nio-8080-exec-1] o.s.web.servlet.DispatcherServlet        : Completed initialization in 2 ms
2022-12-27T02:41:45.184+10:00  INFO 29683 --- [http-nio-8080-exec-1] c.m.apiservice.utils.JwtUtils            : Parsed claims: header={alg=HS512},body={authorities=[ROLE_MTM_USER], sub=string, iat=1672071124, exp=1672157524},signature=_AyDfH-Lr1XbkjV3nGIMhFkpziB8mBJqEnm8dsXAZOT-pUs6475unBpiM1cVBU7vT7lcUim1jY0mX0A4X_1HWg
2022-12-27T02:41:45.214+10:00  INFO 29683 --- [http-nio-8080-exec-1] croTimeManagementAuthenticationException : MicroTimeManagementBadRequestException: Invalid session token.
2022-12-27T02:41:45.215+10:00 ERROR 29683 --- [http-nio-8080-exec-1] o.a.c.c.C.[.[.[.[dispatcherServlet]      : Servlet.service() for servlet [dispatcherServlet] in context with path [/mtm] threw exception

com.microtimemanagement.apiservice.exceptions.MicroTimeManagementAuthenticationException: Invalid session token.
	at com.microtimemanagement.apiservice.filter.MtmSessionFilter.doFilterInternal(MtmSessionFilter.java:52) ~[classes/:na]
	at org.springframework.web.filter.OncePerRequestFilter.doFilter(OncePerRequestFilter.java:116) ~[spring-web-6.0.2.jar:6.0.2]
	at org.springframework.security.web.ObservationFilterChainDecorator$ObservationFilter.wrapFilter(ObservationFilterChainDecorator.java:185) ~[spring-security-web-6.0.0.jar:6.0.0]
	at org.springframework.security.web.ObservationFilterChainDecorator$ObservationFilter.doFilter(ObservationFilterChainDecorator.java:173) ~[spring-security-web-6.0.0.jar:6.0.0]
	at org.springframework.security.web.ObservationFilterChainDecorator$VirtualFilterChain.doFilter(ObservationFilterChainDecorator.java:134) ~[spring-security-web-6.0.0.jar:6.0.0]
	at org.springframework.security.web.authentication.logout.LogoutFilter.doFilter(LogoutFilter.java:107) ~[spring-security-web-6.0.0.jar:6.0.0]
	at org.springframework.security.web.authentication.logout.LogoutFilter.doFilter(LogoutFilter.java:93) ~[spring-security-web-6.0.0.jar:6.0.0]
	at org.springframework.security.web.ObservationFilterChainDecorator$ObservationFilter.wrapFilter(ObservationFilterChainDecorator.java:185) ~[spring-security-web-6.0.0.jar:6.0.0]
	at org.springframework.security.web.ObservationFilterChainDecorator$ObservationFilter.doFilter(ObservationFilterChainDecorator.java:173) ~[spring-security-web-6.0.0.jar:6.0.0]
	at org.springframework.security.web.ObservationFilterChainDecorator$VirtualFilterChain.doFilter(ObservationFilterChainDecorator.java:134) ~[spring-security-web-6.0.0.jar:6.0.0]
	at org.springframework.web.filter.CorsFilter.doFilterInternal(CorsFilter.java:91) ~[spring-web-6.0.2.jar:6.0.2]
	at org.springframework.web.filter.OncePerRequestFilter.doFilter(OncePerRequestFilter.java:116) ~[spring-web-6.0.2.jar:6.0.2]
	at org.springframework.security.web.ObservationFilterChainDecorator$ObservationFilter.wrapFilter(ObservationFilterChainDecorator.java:185) ~[spring-security-web-6.0.0.jar:6.0.0]
	at org.springframework.security.web.ObservationFilterChainDecorator$ObservationFilter.doFilter(ObservationFilterChainDecorator.java:173) ~[spring-security-web-6.0.0.jar:6.0.0]
	at org.springframework.security.web.ObservationFilterChainDecorator$VirtualFilterChain.doFilter(ObservationFilterChainDecorator.java:134) ~[spring-security-web-6.0.0.jar:6.0.0]
	at org.springframework.security.web.header.HeaderWriterFilter.doHeadersAfter(HeaderWriterFilter.java:90) ~[spring-security-web-6.0.0.jar:6.0.0]
	at org.springframework.security.web.header.HeaderWriterFilter.doFilterInternal(HeaderWriterFilter.java:75) ~[spring-security-web-6.0.0.jar:6.0.0]
	at org.springframework.web.filter.OncePerRequestFilter.doFilter(OncePerRequestFilter.java:116) ~[spring-web-6.0.2.jar:6.0.2]
	at org.springframework.security.web.ObservationFilterChainDecorator$ObservationFilter.wrapFilter(ObservationFilterChainDecorator.java:185) ~[spring-security-web-6.0.0.jar:6.0.0]
	at org.springframework.security.web.ObservationFilterChainDecorator$ObservationFilter.doFilter(ObservationFilterChainDecorator.java:173) ~[spring-security-web-6.0.0.jar:6.0.0]
	at org.springframework.security.web.ObservationFilterChainDecorator$VirtualFilterChain.doFilter(ObservationFilterChainDecorator.java:134) ~[spring-security-web-6.0.0.jar:6.0.0]
	at org.springframework.security.web.context.SecurityContextHolderFilter.doFilterInternal(SecurityContextHolderFilter.java:69) ~[spring-security-web-6.0.0.jar:6.0.0]
	at org.springframework.web.filter.OncePerRequestFilter.doFilter(OncePerRequestFilter.java:116) ~[spring-web-6.0.2.jar:6.0.2]
	at org.springframework.security.web.ObservationFilterChainDecorator$ObservationFilter.wrapFilter(ObservationFilterChainDecorator.java:185) ~[spring-security-web-6.0.0.jar:6.0.0]
	at org.springframework.security.web.ObservationFilterChainDecorator$ObservationFilter.doFilter(ObservationFilterChainDecorator.java:173) ~[spring-security-web-6.0.0.jar:6.0.0]
	at org.springframework.security.web.ObservationFilterChainDecorator$VirtualFilterChain.doFilter(ObservationFilterChainDecorator.java:134) ~[spring-security-web-6.0.0.jar:6.0.0]
	at org.springframework.security.web.context.request.async.WebAsyncManagerIntegrationFilter.doFilterInternal(WebAsyncManagerIntegrationFilter.java:62) ~[spring-security-web-6.0.0.jar:6.0.0]
	at org.springframework.web.filter.OncePerRequestFilter.doFilter(OncePerRequestFilter.java:116) ~[spring-web-6.0.2.jar:6.0.2]
	at org.springframework.security.web.ObservationFilterChainDecorator$ObservationFilter.wrapFilter(ObservationFilterChainDecorator.java:185) ~[spring-security-web-6.0.0.jar:6.0.0]
	at org.springframework.security.web.ObservationFilterChainDecorator$ObservationFilter.doFilter(ObservationFilterChainDecorator.java:173) ~[spring-security-web-6.0.0.jar:6.0.0]
	at org.springframework.security.web.ObservationFilterChainDecorator$VirtualFilterChain.doFilter(ObservationFilterChainDecorator.java:134) ~[spring-security-web-6.0.0.jar:6.0.0]
	at org.springframework.security.web.session.DisableEncodeUrlFilter.doFilterInternal(DisableEncodeUrlFilter.java:42) ~[spring-security-web-6.0.0.jar:6.0.0]
	at org.springframework.web.filter.OncePerRequestFilter.doFilter(OncePerRequestFilter.java:116) ~[spring-web-6.0.2.jar:6.0.2]
	at org.springframework.security.web.ObservationFilterChainDecorator$ObservationFilter.wrapFilter(ObservationFilterChainDecorator.java:185) ~[spring-security-web-6.0.0.jar:6.0.0]
	at org.springframework.security.web.ObservationFilterChainDecorator$AroundFilterObservation$SimpleAroundFilterObservation.lambda$wrap$0(ObservationFilterChainDecorator.java:278) ~[spring-security-web-6.0.0.jar:6.0.0]
	at org.springframework.security.web.ObservationFilterChainDecorator$ObservationFilter.doFilter(ObservationFilterChainDecorator.java:170) ~[spring-security-web-6.0.0.jar:6.0.0]
	at org.springframework.security.web.ObservationFilterChainDecorator$VirtualFilterChain.doFilter(ObservationFilterChainDecorator.java:134) ~[spring-security-web-6.0.0.jar:6.0.0]
	at org.springframework.security.web.FilterChainProxy.doFilterInternal(FilterChainProxy.java:233) ~[spring-security-web-6.0.0.jar:6.0.0]
	at org.springframework.security.web.FilterChainProxy.doFilter(FilterChainProxy.java:191) ~[spring-security-web-6.0.0.jar:6.0.0]
	at org.springframework.web.filter.DelegatingFilterProxy.invokeDelegate(DelegatingFilterProxy.java:351) ~[spring-web-6.0.2.jar:6.0.2]
	at org.springframework.web.filter.DelegatingFilterProxy.doFilter(DelegatingFilterProxy.java:267) ~[spring-web-6.0.2.jar:6.0.2]
	at org.apache.catalina.core.ApplicationFilterChain.internalDoFilter(ApplicationFilterChain.java:185) ~[tomcat-embed-core-10.1.1.jar:10.1.1]
	at org.apache.catalina.core.ApplicationFilterChain.doFilter(ApplicationFilterChain.java:158) ~[tomcat-embed-core-10.1.1.jar:10.1.1]
	at org.springframework.web.filter.RequestContextFilter.doFilterInternal(RequestContextFilter.java:100) ~[spring-web-6.0.2.jar:6.0.2]
	at org.springframework.web.filter.OncePerRequestFilter.doFilter(OncePerRequestFilter.java:116) ~[spring-web-6.0.2.jar:6.0.2]
	at org.apache.catalina.core.ApplicationFilterChain.internalDoFilter(ApplicationFilterChain.java:185) ~[tomcat-embed-core-10.1.1.jar:10.1.1]
	at org.apache.catalina.core.ApplicationFilterChain.doFilter(ApplicationFilterChain.java:158) ~[tomcat-embed-core-10.1.1.jar:10.1.1]
	at org.springframework.web.filter.FormContentFilter.doFilterInternal(FormContentFilter.java:93) ~[spring-web-6.0.2.jar:6.0.2]
	at org.springframework.web.filter.OncePerRequestFilter.doFilter(OncePerRequestFilter.java:116) ~[spring-web-6.0.2.jar:6.0.2]
	at org.apache.catalina.core.ApplicationFilterChain.internalDoFilter(ApplicationFilterChain.java:185) ~[tomcat-embed-core-10.1.1.jar:10.1.1]
	at org.apache.catalina.core.ApplicationFilterChain.doFilter(ApplicationFilterChain.java:158) ~[tomcat-embed-core-10.1.1.jar:10.1.1]
	at org.springframework.web.filter.ServerHttpObservationFilter.doFilterInternal(ServerHttpObservationFilter.java:109) ~[spring-web-6.0.2.jar:6.0.2]
	at org.springframework.web.filter.OncePerRequestFilter.doFilter(OncePerRequestFilter.java:116) ~[spring-web-6.0.2.jar:6.0.2]
	at org.apache.catalina.core.ApplicationFilterChain.internalDoFilter(ApplicationFilterChain.java:185) ~[tomcat-embed-core-10.1.1.jar:10.1.1]
	at org.apache.catalina.core.ApplicationFilterChain.doFilter(ApplicationFilterChain.java:158) ~[tomcat-embed-core-10.1.1.jar:10.1.1]
	at org.springframework.web.filter.CharacterEncodingFilter.doFilterInternal(CharacterEncodingFilter.java:201) ~[spring-web-6.0.2.jar:6.0.2]
	at org.springframework.web.filter.OncePerRequestFilter.doFilter(OncePerRequestFilter.java:116) ~[spring-web-6.0.2.jar:6.0.2]
	at org.apache.catalina.core.ApplicationFilterChain.internalDoFilter(ApplicationFilterChain.java:185) ~[tomcat-embed-core-10.1.1.jar:10.1.1]
	at org.apache.catalina.core.ApplicationFilterChain.doFilter(ApplicationFilterChain.java:158) ~[tomcat-embed-core-10.1.1.jar:10.1.1]
	at org.apache.catalina.core.StandardWrapperValve.invoke(StandardWrapperValve.java:197) ~[tomcat-embed-core-10.1.1.jar:10.1.1]
	at org.apache.catalina.core.StandardContextValve.invoke(StandardContextValve.java:97) ~[tomcat-embed-core-10.1.1.jar:10.1.1]
	at org.apache.catalina.authenticator.AuthenticatorBase.invoke(AuthenticatorBase.java:542) ~[tomcat-embed-core-10.1.1.jar:10.1.1]
	at org.apache.catalina.core.StandardHostValve.invoke(StandardHostValve.java:119) ~[tomcat-embed-core-10.1.1.jar:10.1.1]
	at org.apache.catalina.valves.ErrorReportValve.invoke(ErrorReportValve.java:92) ~[tomcat-embed-core-10.1.1.jar:10.1.1]
	at org.apache.catalina.core.StandardEngineValve.invoke(StandardEngineValve.java:78) ~[tomcat-embed-core-10.1.1.jar:10.1.1]
	at org.apache.catalina.connector.CoyoteAdapter.service(CoyoteAdapter.java:357) ~[tomcat-embed-core-10.1.1.jar:10.1.1]
	at org.apache.coyote.http11.Http11Processor.service(Http11Processor.java:400) ~[tomcat-embed-core-10.1.1.jar:10.1.1]
	at org.apache.coyote.AbstractProcessorLight.process(AbstractProcessorLight.java:65) ~[tomcat-embed-core-10.1.1.jar:10.1.1]
	at org.apache.coyote.AbstractProtocol$ConnectionHandler.process(AbstractProtocol.java:861) ~[tomcat-embed-core-10.1.1.jar:10.1.1]
	at org.apache.tomcat.util.net.NioEndpoint$SocketProcessor.doRun(NioEndpoint.java:1739) ~[tomcat-embed-core-10.1.1.jar:10.1.1]
	at org.apache.tomcat.util.net.SocketProcessorBase.run(SocketProcessorBase.java:52) ~[tomcat-embed-core-10.1.1.jar:10.1.1]
	at org.apache.tomcat.util.threads.ThreadPoolExecutor.runWorker(ThreadPoolExecutor.java:1191) ~[tomcat-embed-core-10.1.1.jar:10.1.1]
	at org.apache.tomcat.util.threads.ThreadPoolExecutor$Worker.run(ThreadPoolExecutor.java:659) ~[tomcat-embed-core-10.1.1.jar:10.1.1]
	at org.apache.tomcat.util.threads.TaskThread$WrappingRunnable.run(TaskThread.java:61) ~[tomcat-embed-core-10.1.1.jar:10.1.1]
	at java.base/java.lang.Thread.run(Thread.java:833) ~[na:na]

2022-12-27T02:41:48.033+10:00  INFO 29683 --- [http-nio-8080-exec-2] c.m.apiservice.utils.JwtUtils            : Parsed claims: header={alg=HS512},body={authorities=[ROLE_MTM_USER], sub=string, iat=1672071124, exp=1672157524},signature=_AyDfH-Lr1XbkjV3nGIMhFkpziB8mBJqEnm8dsXAZOT-pUs6475unBpiM1cVBU7vT7lcUim1jY0mX0A4X_1HWg
2022-12-27T02:41:48.081+10:00  INFO 29683 --- [http-nio-8080-exec-2] croTimeManagementAuthenticationException : MicroTimeManagementBadRequestException: Invalid session token.
2022-12-27T02:41:48.083+10:00 ERROR 29683 --- [http-nio-8080-exec-2] o.a.c.c.C.[.[.[.[dispatcherServlet]      : Servlet.service() for servlet [dispatcherServlet] in context with path [/mtm] threw exception

com.microtimemanagement.apiservice.exceptions.MicroTimeManagementAuthenticationException: Invalid session token.
	at com.microtimemanagement.apiservice.filter.MtmSessionFilter.doFilterInternal(MtmSessionFilter.java:52) ~[classes/:na]
	at org.springframework.web.filter.OncePerRequestFilter.doFilter(OncePerRequestFilter.java:116) ~[spring-web-6.0.2.jar:6.0.2]
	at org.springframework.security.web.ObservationFilterChainDecorator$ObservationFilter.wrapFilter(ObservationFilterChainDecorator.java:185) ~[spring-security-web-6.0.0.jar:6.0.0]
	at org.springframework.security.web.ObservationFilterChainDecorator$ObservationFilter.doFilter(ObservationFilterChainDecorator.java:173) ~[spring-security-web-6.0.0.jar:6.0.0]
	at org.springframework.security.web.ObservationFilterChainDecorator$VirtualFilterChain.doFilter(ObservationFilterChainDecorator.java:134) ~[spring-security-web-6.0.0.jar:6.0.0]
	at org.springframework.security.web.authentication.logout.LogoutFilter.doFilter(LogoutFilter.java:107) ~[spring-security-web-6.0.0.jar:6.0.0]
	at org.springframework.security.web.authentication.logout.LogoutFilter.doFilter(LogoutFilter.java:93) ~[spring-security-web-6.0.0.jar:6.0.0]
	at org.springframework.security.web.ObservationFilterChainDecorator$ObservationFilter.wrapFilter(ObservationFilterChainDecorator.java:185) ~[spring-security-web-6.0.0.jar:6.0.0]
	at org.springframework.security.web.ObservationFilterChainDecorator$ObservationFilter.doFilter(ObservationFilterChainDecorator.java:173) ~[spring-security-web-6.0.0.jar:6.0.0]
	at org.springframework.security.web.ObservationFilterChainDecorator$VirtualFilterChain.doFilter(ObservationFilterChainDecorator.java:134) ~[spring-security-web-6.0.0.jar:6.0.0]
	at org.springframework.web.filter.CorsFilter.doFilterInternal(CorsFilter.java:91) ~[spring-web-6.0.2.jar:6.0.2]
	at org.springframework.web.filter.OncePerRequestFilter.doFilter(OncePerRequestFilter.java:116) ~[spring-web-6.0.2.jar:6.0.2]
	at org.springframework.security.web.ObservationFilterChainDecorator$ObservationFilter.wrapFilter(ObservationFilterChainDecorator.java:185) ~[spring-security-web-6.0.0.jar:6.0.0]
	at org.springframework.security.web.ObservationFilterChainDecorator$ObservationFilter.doFilter(ObservationFilterChainDecorator.java:173) ~[spring-security-web-6.0.0.jar:6.0.0]
	at org.springframework.security.web.ObservationFilterChainDecorator$VirtualFilterChain.doFilter(ObservationFilterChainDecorator.java:134) ~[spring-security-web-6.0.0.jar:6.0.0]
	at org.springframework.security.web.header.HeaderWriterFilter.doHeadersAfter(HeaderWriterFilter.java:90) ~[spring-security-web-6.0.0.jar:6.0.0]
	at org.springframework.security.web.header.HeaderWriterFilter.doFilterInternal(HeaderWriterFilter.java:75) ~[spring-security-web-6.0.0.jar:6.0.0]
	at org.springframework.web.filter.OncePerRequestFilter.doFilter(OncePerRequestFilter.java:116) ~[spring-web-6.0.2.jar:6.0.2]
	at org.springframework.security.web.ObservationFilterChainDecorator$ObservationFilter.wrapFilter(ObservationFilterChainDecorator.java:185) ~[spring-security-web-6.0.0.jar:6.0.0]
	at org.springframework.security.web.ObservationFilterChainDecorator$ObservationFilter.doFilter(ObservationFilterChainDecorator.java:173) ~[spring-security-web-6.0.0.jar:6.0.0]
	at org.springframework.security.web.ObservationFilterChainDecorator$VirtualFilterChain.doFilter(ObservationFilterChainDecorator.java:134) ~[spring-security-web-6.0.0.jar:6.0.0]
	at org.springframework.security.web.context.SecurityContextHolderFilter.doFilterInternal(SecurityContextHolderFilter.java:69) ~[spring-security-web-6.0.0.jar:6.0.0]
	at org.springframework.web.filter.OncePerRequestFilter.doFilter(OncePerRequestFilter.java:116) ~[spring-web-6.0.2.jar:6.0.2]
	at org.springframework.security.web.ObservationFilterChainDecorator$ObservationFilter.wrapFilter(ObservationFilterChainDecorator.java:185) ~[spring-security-web-6.0.0.jar:6.0.0]
	at org.springframework.security.web.ObservationFilterChainDecorator$ObservationFilter.doFilter(ObservationFilterChainDecorator.java:173) ~[spring-security-web-6.0.0.jar:6.0.0]
	at org.springframework.security.web.ObservationFilterChainDecorator$VirtualFilterChain.doFilter(ObservationFilterChainDecorator.java:134) ~[spring-security-web-6.0.0.jar:6.0.0]
	at org.springframework.security.web.context.request.async.WebAsyncManagerIntegrationFilter.doFilterInternal(WebAsyncManagerIntegrationFilter.java:62) ~[spring-security-web-6.0.0.jar:6.0.0]
	at org.springframework.web.filter.OncePerRequestFilter.doFilter(OncePerRequestFilter.java:116) ~[spring-web-6.0.2.jar:6.0.2]
	at org.springframework.security.web.ObservationFilterChainDecorator$ObservationFilter.wrapFilter(ObservationFilterChainDecorator.java:185) ~[spring-security-web-6.0.0.jar:6.0.0]
	at org.springframework.security.web.ObservationFilterChainDecorator$ObservationFilter.doFilter(ObservationFilterChainDecorator.java:173) ~[spring-security-web-6.0.0.jar:6.0.0]
	at org.springframework.security.web.ObservationFilterChainDecorator$VirtualFilterChain.doFilter(ObservationFilterChainDecorator.java:134) ~[spring-security-web-6.0.0.jar:6.0.0]
	at org.springframework.security.web.session.DisableEncodeUrlFilter.doFilterInternal(DisableEncodeUrlFilter.java:42) ~[spring-security-web-6.0.0.jar:6.0.0]
	at org.springframework.web.filter.OncePerRequestFilter.doFilter(OncePerRequestFilter.java:116) ~[spring-web-6.0.2.jar:6.0.2]
	at org.springframework.security.web.ObservationFilterChainDecorator$ObservationFilter.wrapFilter(ObservationFilterChainDecorator.java:185) ~[spring-security-web-6.0.0.jar:6.0.0]
	at org.springframework.security.web.ObservationFilterChainDecorator$AroundFilterObservation$SimpleAroundFilterObservation.lambda$wrap$0(ObservationFilterChainDecorator.java:278) ~[spring-security-web-6.0.0.jar:6.0.0]
	at org.springframework.security.web.ObservationFilterChainDecorator$ObservationFilter.doFilter(ObservationFilterChainDecorator.java:170) ~[spring-security-web-6.0.0.jar:6.0.0]
	at org.springframework.security.web.ObservationFilterChainDecorator$VirtualFilterChain.doFilter(ObservationFilterChainDecorator.java:134) ~[spring-security-web-6.0.0.jar:6.0.0]
	at org.springframework.security.web.FilterChainProxy.doFilterInternal(FilterChainProxy.java:233) ~[spring-security-web-6.0.0.jar:6.0.0]
	at org.springframework.security.web.FilterChainProxy.doFilter(FilterChainProxy.java:191) ~[spring-security-web-6.0.0.jar:6.0.0]
	at org.springframework.web.filter.DelegatingFilterProxy.invokeDelegate(DelegatingFilterProxy.java:351) ~[spring-web-6.0.2.jar:6.0.2]
	at org.springframework.web.filter.DelegatingFilterProxy.doFilter(DelegatingFilterProxy.java:267) ~[spring-web-6.0.2.jar:6.0.2]
	at org.apache.catalina.core.ApplicationFilterChain.internalDoFilter(ApplicationFilterChain.java:185) ~[tomcat-embed-core-10.1.1.jar:10.1.1]
	at org.apache.catalina.core.ApplicationFilterChain.doFilter(ApplicationFilterChain.java:158) ~[tomcat-embed-core-10.1.1.jar:10.1.1]
	at org.springframework.web.filter.RequestContextFilter.doFilterInternal(RequestContextFilter.java:100) ~[spring-web-6.0.2.jar:6.0.2]
	at org.springframework.web.filter.OncePerRequestFilter.doFilter(OncePerRequestFilter.java:116) ~[spring-web-6.0.2.jar:6.0.2]
	at org.apache.catalina.core.ApplicationFilterChain.internalDoFilter(ApplicationFilterChain.java:185) ~[tomcat-embed-core-10.1.1.jar:10.1.1]
	at org.apache.catalina.core.ApplicationFilterChain.doFilter(ApplicationFilterChain.java:158) ~[tomcat-embed-core-10.1.1.jar:10.1.1]
	at org.springframework.web.filter.FormContentFilter.doFilterInternal(FormContentFilter.java:93) ~[spring-web-6.0.2.jar:6.0.2]
	at org.springframework.web.filter.OncePerRequestFilter.doFilter(OncePerRequestFilter.java:116) ~[spring-web-6.0.2.jar:6.0.2]
	at org.apache.catalina.core.ApplicationFilterChain.internalDoFilter(ApplicationFilterChain.java:185) ~[tomcat-embed-core-10.1.1.jar:10.1.1]
	at org.apache.catalina.core.ApplicationFilterChain.doFilter(ApplicationFilterChain.java:158) ~[tomcat-embed-core-10.1.1.jar:10.1.1]
	at org.springframework.web.filter.ServerHttpObservationFilter.doFilterInternal(ServerHttpObservationFilter.java:109) ~[spring-web-6.0.2.jar:6.0.2]
	at org.springframework.web.filter.OncePerRequestFilter.doFilter(OncePerRequestFilter.java:116) ~[spring-web-6.0.2.jar:6.0.2]
	at org.apache.catalina.core.ApplicationFilterChain.internalDoFilter(ApplicationFilterChain.java:185) ~[tomcat-embed-core-10.1.1.jar:10.1.1]
	at org.apache.catalina.core.ApplicationFilterChain.doFilter(ApplicationFilterChain.java:158) ~[tomcat-embed-core-10.1.1.jar:10.1.1]
	at org.springframework.web.filter.CharacterEncodingFilter.doFilterInternal(CharacterEncodingFilter.java:201) ~[spring-web-6.0.2.jar:6.0.2]
	at org.springframework.web.filter.OncePerRequestFilter.doFilter(OncePerRequestFilter.java:116) ~[spring-web-6.0.2.jar:6.0.2]
	at org.apache.catalina.core.ApplicationFilterChain.internalDoFilter(ApplicationFilterChain.java:185) ~[tomcat-embed-core-10.1.1.jar:10.1.1]
	at org.apache.catalina.core.ApplicationFilterChain.doFilter(ApplicationFilterChain.java:158) ~[tomcat-embed-core-10.1.1.jar:10.1.1]
	at org.apache.catalina.core.StandardWrapperValve.invoke(StandardWrapperValve.java:197) ~[tomcat-embed-core-10.1.1.jar:10.1.1]
	at org.apache.catalina.core.StandardContextValve.invoke(StandardContextValve.java:97) ~[tomcat-embed-core-10.1.1.jar:10.1.1]
	at org.apache.catalina.authenticator.AuthenticatorBase.invoke(AuthenticatorBase.java:542) ~[tomcat-embed-core-10.1.1.jar:10.1.1]
	at org.apache.catalina.core.StandardHostValve.invoke(StandardHostValve.java:119) ~[tomcat-embed-core-10.1.1.jar:10.1.1]
	at org.apache.catalina.valves.ErrorReportValve.invoke(ErrorReportValve.java:92) ~[tomcat-embed-core-10.1.1.jar:10.1.1]
	at org.apache.catalina.core.StandardEngineValve.invoke(StandardEngineValve.java:78) ~[tomcat-embed-core-10.1.1.jar:10.1.1]
	at org.apache.catalina.connector.CoyoteAdapter.service(CoyoteAdapter.java:357) ~[tomcat-embed-core-10.1.1.jar:10.1.1]
	at org.apache.coyote.http11.Http11Processor.service(Http11Processor.java:400) ~[tomcat-embed-core-10.1.1.jar:10.1.1]
	at org.apache.coyote.AbstractProcessorLight.process(AbstractProcessorLight.java:65) ~[tomcat-embed-core-10.1.1.jar:10.1.1]
	at org.apache.coyote.AbstractProtocol$ConnectionHandler.process(AbstractProtocol.java:861) ~[tomcat-embed-core-10.1.1.jar:10.1.1]
	at org.apache.tomcat.util.net.NioEndpoint$SocketProcessor.doRun(NioEndpoint.java:1739) ~[tomcat-embed-core-10.1.1.jar:10.1.1]
	at org.apache.tomcat.util.net.SocketProcessorBase.run(SocketProcessorBase.java:52) ~[tomcat-embed-core-10.1.1.jar:10.1.1]
	at org.apache.tomcat.util.threads.ThreadPoolExecutor.runWorker(ThreadPoolExecutor.java:1191) ~[tomcat-embed-core-10.1.1.jar:10.1.1]
	at org.apache.tomcat.util.threads.ThreadPoolExecutor$Worker.run(ThreadPoolExecutor.java:659) ~[tomcat-embed-core-10.1.1.jar:10.1.1]
	at org.apache.tomcat.util.threads.TaskThread$WrappingRunnable.run(TaskThread.java:61) ~[tomcat-embed-core-10.1.1.jar:10.1.1]
	at java.base/java.lang.Thread.run(Thread.java:833) ~[na:na]

2022-12-27T02:50:47.042+10:00  INFO 29747 --- [main] c.m.apiservice.ApiServiceApplication     : Starting ApiServiceApplication using Java 17.0.5 with PID 29747 (/Users/vishal.dogra/Documents/Projects/MicroTimeManagement/backend/api-service/target/classes started by vishal.dogra in /Users/vishal.dogra/Documents/Projects/MicroTimeManagement/backend/api-service)
2022-12-27T02:50:47.044+10:00  INFO 29747 --- [main] c.m.apiservice.ApiServiceApplication     : No active profile set, falling back to 1 default profile: "default"
2022-12-27T02:50:47.573+10:00  INFO 29747 --- [main] .s.d.r.c.RepositoryConfigurationDelegate : Bootstrapping Spring Data MongoDB repositories in DEFAULT mode.
2022-12-27T02:50:47.608+10:00  INFO 29747 --- [main] .s.d.r.c.RepositoryConfigurationDelegate : Finished Spring Data repository scanning in 33 ms. Found 4 MongoDB repository interfaces.
2022-12-27T02:50:47.722+10:00  INFO 29747 --- [main] trationDelegate$BeanPostProcessorChecker : Bean 'authorityDefaults' of type [org.springframework.security.config.core.GrantedAuthorityDefaults] is not eligible for getting processed by all BeanPostProcessors (for example: not eligible for auto-proxying)
2022-12-27T02:50:47.857+10:00  INFO 29747 --- [main] o.s.b.w.embedded.tomcat.TomcatWebServer  : Tomcat initialized with port(s): 8080 (http)
2022-12-27T02:50:47.862+10:00  INFO 29747 --- [main] o.apache.catalina.core.StandardService   : Starting service [Tomcat]
2022-12-27T02:50:47.862+10:00  INFO 29747 --- [main] o.apache.catalina.core.StandardEngine    : Starting Servlet engine: [Apache Tomcat/10.1.1]
2022-12-27T02:50:47.914+10:00  INFO 29747 --- [main] o.a.c.c.C.[Tomcat].[localhost].[/mtm]    : Initializing Spring embedded WebApplicationContext
2022-12-27T02:50:47.915+10:00  INFO 29747 --- [main] w.s.c.ServletWebServerApplicationContext : Root WebApplicationContext: initialization completed in 839 ms
2022-12-27T02:50:48.228+10:00  INFO 29747 --- [main] org.mongodb.driver.client                : MongoClient with metadata {"driver": {"name": "mongo-java-driver|sync|spring-boot", "version": "4.8.0"}, "os": {"type": "Darwin", "name": "Mac OS X", "architecture": "aarch64", "version": "13.0.1"}, "platform": "Java/Azul Systems, Inc./17.0.5+8-LTS"} created with settings MongoClientSettings{readPreference=primary, writeConcern=WriteConcern{w=majority, wTimeout=null ms, journal=null}, retryWrites=true, retryReads=true, readConcern=ReadConcern{level=null}, credential=MongoCredential{mechanism=null, userName='spring_micro_time_manager', source='admin', password=<hidden>, mechanismProperties=<hidden>}, streamFactoryFactory=null, commandListeners=[io.micrometer.core.instrument.binder.mongodb.MongoMetricsCommandListener@12192604], codecRegistry=ProvidersCodecRegistry{codecProviders=[ValueCodecProvider{}, BsonValueCodecProvider{}, DBRefCodecProvider{}, DBObjectCodecProvider{}, DocumentCodecProvider{}, CollectionCodecProvider{}, IterableCodecProvider{}, MapCodecProvider{}, GeoJsonCodecProvider{}, GridFSFileCodecProvider{}, Jsr310CodecProvider{}, JsonObjectCodecProvider{}, BsonCodecProvider{}, EnumCodecProvider{}, com.mongodb.Jep395RecordCodecProvider@6075b369]}, clusterSettings={hosts=[127.0.0.1:27017], srvHost=cluster-1.0nqvgu2.mongodb.net, srvServiceName=mongodb, mode=MULTIPLE, requiredClusterType=REPLICA_SET, requiredReplicaSetName='atlas-9rc71x-shard-0', serverSelector='null', clusterListeners='[]', serverSelectionTimeout='30000 ms', localThreshold='30000 ms'}, socketSettings=SocketSettings{connectTimeoutMS=10000, readTimeoutMS=0, receiveBufferSize=0, sendBufferSize=0}, heartbeatSocketSettings=SocketSettings{connectTimeoutMS=10000, readTimeoutMS=10000, receiveBufferSize=0, sendBufferSize=0}, connectionPoolSettings=ConnectionPoolSettings{maxSize=100, minSize=0, maxWaitTimeMS=120000, maxConnectionLifeTimeMS=0, maxConnectionIdleTimeMS=0, maintenanceInitialDelayMS=0, maintenanceFrequencyMS=60000, connectionPoolListeners=[io.micrometer.core.instrument.binder.mongodb.MongoMetricsConnectionPoolListener@231cdda8], maxConnecting=2}, serverSettings=ServerSettings{heartbeatFrequencyMS=10000, minHeartbeatFrequencyMS=500, serverListeners='[]', serverMonitorListeners='[]'}, sslSettings=SslSettings{enabled=true, invalidHostNameAllowed=false, context=null}, applicationName='null', compressorList=[], uuidRepresentation=JAVA_LEGACY, serverApi=null, autoEncryptionSettings=null, contextProvider=null}
2022-12-27T02:50:48.392+10:00  INFO 29747 --- [cluster-ClusterId{value='63a9d0e8e6897a0f4a541561', description='null'}-srv-cluster-1.0nqvgu2.mongodb.net] org.mongodb.driver.cluster               : Adding discovered server ac-qdoa5md-shard-00-00.0nqvgu2.mongodb.net:27017 to client view of cluster
2022-12-27T02:50:48.405+10:00  INFO 29747 --- [cluster-ClusterId{value='63a9d0e8e6897a0f4a541561', description='null'}-srv-cluster-1.0nqvgu2.mongodb.net] org.mongodb.driver.cluster               : Adding discovered server ac-qdoa5md-shard-00-02.0nqvgu2.mongodb.net:27017 to client view of cluster
2022-12-27T02:50:48.406+10:00  INFO 29747 --- [cluster-ClusterId{value='63a9d0e8e6897a0f4a541561', description='null'}-srv-cluster-1.0nqvgu2.mongodb.net] org.mongodb.driver.cluster               : Adding discovered server ac-qdoa5md-shard-00-01.0nqvgu2.mongodb.net:27017 to client view of cluster
2022-12-27T02:50:48.665+10:00  INFO 29747 --- [main] o.s.b.a.e.web.EndpointLinksResolver      : Exposing 1 endpoint(s) beneath base path '/actuator'
2022-12-27T02:50:48.748+10:00  INFO 29747 --- [cluster-ClusterId{value='63a9d0e8e6897a0f4a541561', description='null'}-ac-qdoa5md-shard-00-00.0nqvgu2.mongodb.net:27017] org.mongodb.driver.cluster               : Monitor thread successfully connected to server with description ServerDescription{address=ac-qdoa5md-shard-00-00.0nqvgu2.mongodb.net:27017, type=REPLICA_SET_SECONDARY, state=CONNECTED, ok=true, minWireVersion=0, maxWireVersion=13, maxDocumentSize=16777216, logicalSessionTimeoutMinutes=30, roundTripTimeNanos=146090167, setName='atlas-9rc71x-shard-0', canonicalAddress=ac-qdoa5md-shard-00-00.0nqvgu2.mongodb.net:27017, hosts=[ac-qdoa5md-shard-00-01.0nqvgu2.mongodb.net:27017, ac-qdoa5md-shard-00-02.0nqvgu2.mongodb.net:27017, ac-qdoa5md-shard-00-00.0nqvgu2.mongodb.net:27017], passives=[], arbiters=[], primary='ac-qdoa5md-shard-00-02.0nqvgu2.mongodb.net:27017', tagSet=TagSet{[Tag{name='nodeType', value='ELECTABLE'}, Tag{name='provider', value='AWS'}, Tag{name='region', value='AP_SOUTHEAST_2'}, Tag{name='workloadType', value='OPERATIONAL'}]}, electionId=null, setVersion=7, topologyVersion=TopologyVersion{processId=637bdc717fad65cabd5e28ae, counter=5}, lastWriteDate=Tue Dec 27 02:50:48 AEST 2022, lastUpdateTimeNanos=509199405570333}
2022-12-27T02:50:48.748+10:00  INFO 29747 --- [cluster-ClusterId{value='63a9d0e8e6897a0f4a541561', description='null'}-ac-qdoa5md-shard-00-02.0nqvgu2.mongodb.net:27017] org.mongodb.driver.cluster               : Monitor thread successfully connected to server with description ServerDescription{address=ac-qdoa5md-shard-00-02.0nqvgu2.mongodb.net:27017, type=REPLICA_SET_PRIMARY, state=CONNECTED, ok=true, minWireVersion=0, maxWireVersion=13, maxDocumentSize=16777216, logicalSessionTimeoutMinutes=30, roundTripTimeNanos=165733958, setName='atlas-9rc71x-shard-0', canonicalAddress=ac-qdoa5md-shard-00-02.0nqvgu2.mongodb.net:27017, hosts=[ac-qdoa5md-shard-00-01.0nqvgu2.mongodb.net:27017, ac-qdoa5md-shard-00-02.0nqvgu2.mongodb.net:27017, ac-qdoa5md-shard-00-00.0nqvgu2.mongodb.net:27017], passives=[], arbiters=[], primary='ac-qdoa5md-shard-00-02.0nqvgu2.mongodb.net:27017', tagSet=TagSet{[Tag{name='nodeType', value='ELECTABLE'}, Tag{name='provider', value='AWS'}, Tag{name='region', value='AP_SOUTHEAST_2'}, Tag{name='workloadType', value='OPERATIONAL'}]}, electionId=7fffffff0000000000000056, setVersion=7, topologyVersion=TopologyVersion{processId=637bddcac20996e771c03241, counter=6}, lastWriteDate=Tue Dec 27 02:50:48 AEST 2022, lastUpdateTimeNanos=509199405534833}
2022-12-27T02:50:48.748+10:00  INFO 29747 --- [cluster-ClusterId{value='63a9d0e8e6897a0f4a541561', description='null'}-ac-qdoa5md-shard-00-01.0nqvgu2.mongodb.net:27017] org.mongodb.driver.cluster               : Monitor thread successfully connected to server with description ServerDescription{address=ac-qdoa5md-shard-00-01.0nqvgu2.mongodb.net:27017, type=REPLICA_SET_SECONDARY, state=CONNECTED, ok=true, minWireVersion=0, maxWireVersion=13, maxDocumentSize=16777216, logicalSessionTimeoutMinutes=30, roundTripTimeNanos=161263208, setName='atlas-9rc71x-shard-0', canonicalAddress=ac-qdoa5md-shard-00-01.0nqvgu2.mongodb.net:27017, hosts=[ac-qdoa5md-shard-00-01.0nqvgu2.mongodb.net:27017, ac-qdoa5md-shard-00-02.0nqvgu2.mongodb.net:27017, ac-qdoa5md-shard-00-00.0nqvgu2.mongodb.net:27017], passives=[], arbiters=[], primary='ac-qdoa5md-shard-00-02.0nqvgu2.mongodb.net:27017', tagSet=TagSet{[Tag{name='nodeType', value='ELECTABLE'}, Tag{name='provider', value='AWS'}, Tag{name='region', value='AP_SOUTHEAST_2'}, Tag{name='workloadType', value='OPERATIONAL'}]}, electionId=null, setVersion=7, topologyVersion=TopologyVersion{processId=637bdf250b281ae46cfb3a13, counter=3}, lastWriteDate=Tue Dec 27 02:50:48 AEST 2022, lastUpdateTimeNanos=509199405533750}
2022-12-27T02:50:48.750+10:00  INFO 29747 --- [cluster-ClusterId{value='63a9d0e8e6897a0f4a541561', description='null'}-ac-qdoa5md-shard-00-02.0nqvgu2.mongodb.net:27017] org.mongodb.driver.cluster               : Discovered replica set primary ac-qdoa5md-shard-00-02.0nqvgu2.mongodb.net:27017 with max election id 7fffffff0000000000000056 and max set version 7
2022-12-27T02:50:49.066+10:00  INFO 29747 --- [main] o.s.s.web.DefaultSecurityFilterChain     : Will secure any request with [org.springframework.security.web.session.DisableEncodeUrlFilter@54556723, org.springframework.security.web.context.request.async.WebAsyncManagerIntegrationFilter@6124dda2, org.springframework.security.web.context.SecurityContextHolderFilter@7d17906, org.springframework.security.web.header.HeaderWriterFilter@54496c2d, org.springframework.web.filter.CorsFilter@380e33c2, org.springframework.security.web.authentication.logout.LogoutFilter@1450ffa3, com.microtimemanagement.apiservice.filter.MtmSessionFilter@113eed88, org.springframework.security.web.savedrequest.RequestCacheAwareFilter@5d68954d, org.springframework.security.web.servletapi.SecurityContextHolderAwareRequestFilter@aa8dce8, org.springframework.security.web.authentication.AnonymousAuthenticationFilter@3bc891f2, org.springframework.security.web.session.SessionManagementFilter@773f3360, org.springframework.security.web.access.ExceptionTranslationFilter@21c99abf, org.springframework.security.web.access.intercept.AuthorizationFilter@2d230cff]
2022-12-27T02:50:49.258+10:00  INFO 29747 --- [main] o.s.b.w.embedded.tomcat.TomcatWebServer  : Tomcat started on port(s): 8080 (http) with context path '/mtm'
2022-12-27T02:50:49.267+10:00  INFO 29747 --- [main] c.m.apiservice.ApiServiceApplication     : Started ApiServiceApplication in 2.466 seconds (process running for 2.825)
2022-12-27T02:50:51.509+10:00  INFO 29747 --- [http-nio-8080-exec-1] o.a.c.c.C.[Tomcat].[localhost].[/mtm]    : Initializing Spring DispatcherServlet 'dispatcherServlet'
2022-12-27T02:50:51.509+10:00  INFO 29747 --- [http-nio-8080-exec-1] o.s.web.servlet.DispatcherServlet        : Initializing Servlet 'dispatcherServlet'
2022-12-27T02:50:51.527+10:00  INFO 29747 --- [http-nio-8080-exec-1] o.s.web.servlet.DispatcherServlet        : Completed initialization in 18 ms
2022-12-27T02:50:51.830+10:00  INFO 29747 --- [http-nio-8080-exec-1] c.m.apiservice.utils.JwtUtils            : Parsed claims: header={alg=HS512},body={authorities=[ROLE_MTM_USER], sub=string, iat=1672071124, exp=1672157524},signature=_AyDfH-Lr1XbkjV3nGIMhFkpziB8mBJqEnm8dsXAZOT-pUs6475unBpiM1cVBU7vT7lcUim1jY0mX0A4X_1HWg
2022-12-27T02:50:51.862+10:00  INFO 29747 --- [http-nio-8080-exec-1] croTimeManagementAuthenticationException : MicroTimeManagementBadRequestException: Invalid session token.
2022-12-27T02:50:51.864+10:00 ERROR 29747 --- [http-nio-8080-exec-1] o.a.c.c.C.[.[.[.[dispatcherServlet]      : Servlet.service() for servlet [dispatcherServlet] in context with path [/mtm] threw exception

com.microtimemanagement.apiservice.exceptions.MicroTimeManagementAuthenticationException: Invalid session token.
	at com.microtimemanagement.apiservice.filter.MtmSessionFilter.doFilterInternal(MtmSessionFilter.java:54) ~[classes/:na]
	at org.springframework.web.filter.OncePerRequestFilter.doFilter(OncePerRequestFilter.java:116) ~[spring-web-6.0.2.jar:6.0.2]
	at org.springframework.security.web.ObservationFilterChainDecorator$ObservationFilter.wrapFilter(ObservationFilterChainDecorator.java:185) ~[spring-security-web-6.0.0.jar:6.0.0]
	at org.springframework.security.web.ObservationFilterChainDecorator$ObservationFilter.doFilter(ObservationFilterChainDecorator.java:173) ~[spring-security-web-6.0.0.jar:6.0.0]
	at org.springframework.security.web.ObservationFilterChainDecorator$VirtualFilterChain.doFilter(ObservationFilterChainDecorator.java:134) ~[spring-security-web-6.0.0.jar:6.0.0]
	at org.springframework.security.web.authentication.logout.LogoutFilter.doFilter(LogoutFilter.java:107) ~[spring-security-web-6.0.0.jar:6.0.0]
	at org.springframework.security.web.authentication.logout.LogoutFilter.doFilter(LogoutFilter.java:93) ~[spring-security-web-6.0.0.jar:6.0.0]
	at org.springframework.security.web.ObservationFilterChainDecorator$ObservationFilter.wrapFilter(ObservationFilterChainDecorator.java:185) ~[spring-security-web-6.0.0.jar:6.0.0]
	at org.springframework.security.web.ObservationFilterChainDecorator$ObservationFilter.doFilter(ObservationFilterChainDecorator.java:173) ~[spring-security-web-6.0.0.jar:6.0.0]
	at org.springframework.security.web.ObservationFilterChainDecorator$VirtualFilterChain.doFilter(ObservationFilterChainDecorator.java:134) ~[spring-security-web-6.0.0.jar:6.0.0]
	at org.springframework.web.filter.CorsFilter.doFilterInternal(CorsFilter.java:91) ~[spring-web-6.0.2.jar:6.0.2]
	at org.springframework.web.filter.OncePerRequestFilter.doFilter(OncePerRequestFilter.java:116) ~[spring-web-6.0.2.jar:6.0.2]
	at org.springframework.security.web.ObservationFilterChainDecorator$ObservationFilter.wrapFilter(ObservationFilterChainDecorator.java:185) ~[spring-security-web-6.0.0.jar:6.0.0]
	at org.springframework.security.web.ObservationFilterChainDecorator$ObservationFilter.doFilter(ObservationFilterChainDecorator.java:173) ~[spring-security-web-6.0.0.jar:6.0.0]
	at org.springframework.security.web.ObservationFilterChainDecorator$VirtualFilterChain.doFilter(ObservationFilterChainDecorator.java:134) ~[spring-security-web-6.0.0.jar:6.0.0]
	at org.springframework.security.web.header.HeaderWriterFilter.doHeadersAfter(HeaderWriterFilter.java:90) ~[spring-security-web-6.0.0.jar:6.0.0]
	at org.springframework.security.web.header.HeaderWriterFilter.doFilterInternal(HeaderWriterFilter.java:75) ~[spring-security-web-6.0.0.jar:6.0.0]
	at org.springframework.web.filter.OncePerRequestFilter.doFilter(OncePerRequestFilter.java:116) ~[spring-web-6.0.2.jar:6.0.2]
	at org.springframework.security.web.ObservationFilterChainDecorator$ObservationFilter.wrapFilter(ObservationFilterChainDecorator.java:185) ~[spring-security-web-6.0.0.jar:6.0.0]
	at org.springframework.security.web.ObservationFilterChainDecorator$ObservationFilter.doFilter(ObservationFilterChainDecorator.java:173) ~[spring-security-web-6.0.0.jar:6.0.0]
	at org.springframework.security.web.ObservationFilterChainDecorator$VirtualFilterChain.doFilter(ObservationFilterChainDecorator.java:134) ~[spring-security-web-6.0.0.jar:6.0.0]
	at org.springframework.security.web.context.SecurityContextHolderFilter.doFilterInternal(SecurityContextHolderFilter.java:69) ~[spring-security-web-6.0.0.jar:6.0.0]
	at org.springframework.web.filter.OncePerRequestFilter.doFilter(OncePerRequestFilter.java:116) ~[spring-web-6.0.2.jar:6.0.2]
	at org.springframework.security.web.ObservationFilterChainDecorator$ObservationFilter.wrapFilter(ObservationFilterChainDecorator.java:185) ~[spring-security-web-6.0.0.jar:6.0.0]
	at org.springframework.security.web.ObservationFilterChainDecorator$ObservationFilter.doFilter(ObservationFilterChainDecorator.java:173) ~[spring-security-web-6.0.0.jar:6.0.0]
	at org.springframework.security.web.ObservationFilterChainDecorator$VirtualFilterChain.doFilter(ObservationFilterChainDecorator.java:134) ~[spring-security-web-6.0.0.jar:6.0.0]
	at org.springframework.security.web.context.request.async.WebAsyncManagerIntegrationFilter.doFilterInternal(WebAsyncManagerIntegrationFilter.java:62) ~[spring-security-web-6.0.0.jar:6.0.0]
	at org.springframework.web.filter.OncePerRequestFilter.doFilter(OncePerRequestFilter.java:116) ~[spring-web-6.0.2.jar:6.0.2]
	at org.springframework.security.web.ObservationFilterChainDecorator$ObservationFilter.wrapFilter(ObservationFilterChainDecorator.java:185) ~[spring-security-web-6.0.0.jar:6.0.0]
	at org.springframework.security.web.ObservationFilterChainDecorator$ObservationFilter.doFilter(ObservationFilterChainDecorator.java:173) ~[spring-security-web-6.0.0.jar:6.0.0]
	at org.springframework.security.web.ObservationFilterChainDecorator$VirtualFilterChain.doFilter(ObservationFilterChainDecorator.java:134) ~[spring-security-web-6.0.0.jar:6.0.0]
	at org.springframework.security.web.session.DisableEncodeUrlFilter.doFilterInternal(DisableEncodeUrlFilter.java:42) ~[spring-security-web-6.0.0.jar:6.0.0]
	at org.springframework.web.filter.OncePerRequestFilter.doFilter(OncePerRequestFilter.java:116) ~[spring-web-6.0.2.jar:6.0.2]
	at org.springframework.security.web.ObservationFilterChainDecorator$ObservationFilter.wrapFilter(ObservationFilterChainDecorator.java:185) ~[spring-security-web-6.0.0.jar:6.0.0]
	at org.springframework.security.web.ObservationFilterChainDecorator$AroundFilterObservation$SimpleAroundFilterObservation.lambda$wrap$0(ObservationFilterChainDecorator.java:278) ~[spring-security-web-6.0.0.jar:6.0.0]
	at org.springframework.security.web.ObservationFilterChainDecorator$ObservationFilter.doFilter(ObservationFilterChainDecorator.java:170) ~[spring-security-web-6.0.0.jar:6.0.0]
	at org.springframework.security.web.ObservationFilterChainDecorator$VirtualFilterChain.doFilter(ObservationFilterChainDecorator.java:134) ~[spring-security-web-6.0.0.jar:6.0.0]
	at org.springframework.security.web.FilterChainProxy.doFilterInternal(FilterChainProxy.java:233) ~[spring-security-web-6.0.0.jar:6.0.0]
	at org.springframework.security.web.FilterChainProxy.doFilter(FilterChainProxy.java:191) ~[spring-security-web-6.0.0.jar:6.0.0]
	at org.springframework.web.filter.DelegatingFilterProxy.invokeDelegate(DelegatingFilterProxy.java:351) ~[spring-web-6.0.2.jar:6.0.2]
	at org.springframework.web.filter.DelegatingFilterProxy.doFilter(DelegatingFilterProxy.java:267) ~[spring-web-6.0.2.jar:6.0.2]
	at org.apache.catalina.core.ApplicationFilterChain.internalDoFilter(ApplicationFilterChain.java:185) ~[tomcat-embed-core-10.1.1.jar:10.1.1]
	at org.apache.catalina.core.ApplicationFilterChain.doFilter(ApplicationFilterChain.java:158) ~[tomcat-embed-core-10.1.1.jar:10.1.1]
	at org.springframework.web.filter.RequestContextFilter.doFilterInternal(RequestContextFilter.java:100) ~[spring-web-6.0.2.jar:6.0.2]
	at org.springframework.web.filter.OncePerRequestFilter.doFilter(OncePerRequestFilter.java:116) ~[spring-web-6.0.2.jar:6.0.2]
	at org.apache.catalina.core.ApplicationFilterChain.internalDoFilter(ApplicationFilterChain.java:185) ~[tomcat-embed-core-10.1.1.jar:10.1.1]
	at org.apache.catalina.core.ApplicationFilterChain.doFilter(ApplicationFilterChain.java:158) ~[tomcat-embed-core-10.1.1.jar:10.1.1]
	at org.springframework.web.filter.FormContentFilter.doFilterInternal(FormContentFilter.java:93) ~[spring-web-6.0.2.jar:6.0.2]
	at org.springframework.web.filter.OncePerRequestFilter.doFilter(OncePerRequestFilter.java:116) ~[spring-web-6.0.2.jar:6.0.2]
	at org.apache.catalina.core.ApplicationFilterChain.internalDoFilter(ApplicationFilterChain.java:185) ~[tomcat-embed-core-10.1.1.jar:10.1.1]
	at org.apache.catalina.core.ApplicationFilterChain.doFilter(ApplicationFilterChain.java:158) ~[tomcat-embed-core-10.1.1.jar:10.1.1]
	at org.springframework.web.filter.ServerHttpObservationFilter.doFilterInternal(ServerHttpObservationFilter.java:109) ~[spring-web-6.0.2.jar:6.0.2]
	at org.springframework.web.filter.OncePerRequestFilter.doFilter(OncePerRequestFilter.java:116) ~[spring-web-6.0.2.jar:6.0.2]
	at org.apache.catalina.core.ApplicationFilterChain.internalDoFilter(ApplicationFilterChain.java:185) ~[tomcat-embed-core-10.1.1.jar:10.1.1]
	at org.apache.catalina.core.ApplicationFilterChain.doFilter(ApplicationFilterChain.java:158) ~[tomcat-embed-core-10.1.1.jar:10.1.1]
	at org.springframework.web.filter.CharacterEncodingFilter.doFilterInternal(CharacterEncodingFilter.java:201) ~[spring-web-6.0.2.jar:6.0.2]
	at org.springframework.web.filter.OncePerRequestFilter.doFilter(OncePerRequestFilter.java:116) ~[spring-web-6.0.2.jar:6.0.2]
	at org.apache.catalina.core.ApplicationFilterChain.internalDoFilter(ApplicationFilterChain.java:185) ~[tomcat-embed-core-10.1.1.jar:10.1.1]
	at org.apache.catalina.core.ApplicationFilterChain.doFilter(ApplicationFilterChain.java:158) ~[tomcat-embed-core-10.1.1.jar:10.1.1]
	at org.apache.catalina.core.StandardWrapperValve.invoke(StandardWrapperValve.java:197) ~[tomcat-embed-core-10.1.1.jar:10.1.1]
	at org.apache.catalina.core.StandardContextValve.invoke(StandardContextValve.java:97) ~[tomcat-embed-core-10.1.1.jar:10.1.1]
	at org.apache.catalina.authenticator.AuthenticatorBase.invoke(AuthenticatorBase.java:542) ~[tomcat-embed-core-10.1.1.jar:10.1.1]
	at org.apache.catalina.core.StandardHostValve.invoke(StandardHostValve.java:119) ~[tomcat-embed-core-10.1.1.jar:10.1.1]
	at org.apache.catalina.valves.ErrorReportValve.invoke(ErrorReportValve.java:92) ~[tomcat-embed-core-10.1.1.jar:10.1.1]
	at org.apache.catalina.core.StandardEngineValve.invoke(StandardEngineValve.java:78) ~[tomcat-embed-core-10.1.1.jar:10.1.1]
	at org.apache.catalina.connector.CoyoteAdapter.service(CoyoteAdapter.java:357) ~[tomcat-embed-core-10.1.1.jar:10.1.1]
	at org.apache.coyote.http11.Http11Processor.service(Http11Processor.java:400) ~[tomcat-embed-core-10.1.1.jar:10.1.1]
	at org.apache.coyote.AbstractProcessorLight.process(AbstractProcessorLight.java:65) ~[tomcat-embed-core-10.1.1.jar:10.1.1]
	at org.apache.coyote.AbstractProtocol$ConnectionHandler.process(AbstractProtocol.java:861) ~[tomcat-embed-core-10.1.1.jar:10.1.1]
	at org.apache.tomcat.util.net.NioEndpoint$SocketProcessor.doRun(NioEndpoint.java:1739) ~[tomcat-embed-core-10.1.1.jar:10.1.1]
	at org.apache.tomcat.util.net.SocketProcessorBase.run(SocketProcessorBase.java:52) ~[tomcat-embed-core-10.1.1.jar:10.1.1]
	at org.apache.tomcat.util.threads.ThreadPoolExecutor.runWorker(ThreadPoolExecutor.java:1191) ~[tomcat-embed-core-10.1.1.jar:10.1.1]
	at org.apache.tomcat.util.threads.ThreadPoolExecutor$Worker.run(ThreadPoolExecutor.java:659) ~[tomcat-embed-core-10.1.1.jar:10.1.1]
	at org.apache.tomcat.util.threads.TaskThread$WrappingRunnable.run(TaskThread.java:61) ~[tomcat-embed-core-10.1.1.jar:10.1.1]
	at java.base/java.lang.Thread.run(Thread.java:833) ~[na:na]

2022-12-27T02:51:01.299+10:00  INFO 29753 --- [main] c.m.apiservice.ApiServiceApplication     : Starting ApiServiceApplication using Java 17.0.5 with PID 29753 (/Users/vishal.dogra/Documents/Projects/MicroTimeManagement/backend/api-service/target/classes started by vishal.dogra in /Users/vishal.dogra/Documents/Projects/MicroTimeManagement/backend/api-service)
2022-12-27T02:51:01.301+10:00  INFO 29753 --- [main] c.m.apiservice.ApiServiceApplication     : No active profile set, falling back to 1 default profile: "default"
2022-12-27T02:51:01.931+10:00  INFO 29753 --- [main] .s.d.r.c.RepositoryConfigurationDelegate : Bootstrapping Spring Data MongoDB repositories in DEFAULT mode.
2022-12-27T02:51:01.966+10:00  INFO 29753 --- [main] .s.d.r.c.RepositoryConfigurationDelegate : Finished Spring Data repository scanning in 32 ms. Found 4 MongoDB repository interfaces.
2022-12-27T02:51:02.065+10:00  INFO 29753 --- [main] trationDelegate$BeanPostProcessorChecker : Bean 'authorityDefaults' of type [org.springframework.security.config.core.GrantedAuthorityDefaults] is not eligible for getting processed by all BeanPostProcessors (for example: not eligible for auto-proxying)
2022-12-27T02:51:02.200+10:00  INFO 29753 --- [main] o.s.b.w.embedded.tomcat.TomcatWebServer  : Tomcat initialized with port(s): 8080 (http)
2022-12-27T02:51:02.204+10:00  INFO 29753 --- [main] o.apache.catalina.core.StandardService   : Starting service [Tomcat]
2022-12-27T02:51:02.204+10:00  INFO 29753 --- [main] o.apache.catalina.core.StandardEngine    : Starting Servlet engine: [Apache Tomcat/10.1.1]
2022-12-27T02:51:02.244+10:00  INFO 29753 --- [main] o.a.c.c.C.[Tomcat].[localhost].[/mtm]    : Initializing Spring embedded WebApplicationContext
2022-12-27T02:51:02.245+10:00  INFO 29753 --- [main] w.s.c.ServletWebServerApplicationContext : Root WebApplicationContext: initialization completed in 893 ms
2022-12-27T02:51:02.413+10:00  INFO 29753 --- [main] org.mongodb.driver.client                : MongoClient with metadata {"driver": {"name": "mongo-java-driver|sync|spring-boot", "version": "4.8.0"}, "os": {"type": "Darwin", "name": "Mac OS X", "architecture": "aarch64", "version": "13.0.1"}, "platform": "Java/Azul Systems, Inc./17.0.5+8-LTS"} created with settings MongoClientSettings{readPreference=primary, writeConcern=WriteConcern{w=majority, wTimeout=null ms, journal=null}, retryWrites=true, retryReads=true, readConcern=ReadConcern{level=null}, credential=MongoCredential{mechanism=null, userName='spring_micro_time_manager', source='admin', password=<hidden>, mechanismProperties=<hidden>}, streamFactoryFactory=null, commandListeners=[io.micrometer.core.instrument.binder.mongodb.MongoMetricsCommandListener@43d76a92], codecRegistry=ProvidersCodecRegistry{codecProviders=[ValueCodecProvider{}, BsonValueCodecProvider{}, DBRefCodecProvider{}, DBObjectCodecProvider{}, DocumentCodecProvider{}, CollectionCodecProvider{}, IterableCodecProvider{}, MapCodecProvider{}, GeoJsonCodecProvider{}, GridFSFileCodecProvider{}, Jsr310CodecProvider{}, JsonObjectCodecProvider{}, BsonCodecProvider{}, EnumCodecProvider{}, com.mongodb.Jep395RecordCodecProvider@4a2bf50f]}, clusterSettings={hosts=[127.0.0.1:27017], srvHost=cluster-1.0nqvgu2.mongodb.net, srvServiceName=mongodb, mode=MULTIPLE, requiredClusterType=REPLICA_SET, requiredReplicaSetName='atlas-9rc71x-shard-0', serverSelector='null', clusterListeners='[]', serverSelectionTimeout='30000 ms', localThreshold='30000 ms'}, socketSettings=SocketSettings{connectTimeoutMS=10000, readTimeoutMS=0, receiveBufferSize=0, sendBufferSize=0}, heartbeatSocketSettings=SocketSettings{connectTimeoutMS=10000, readTimeoutMS=10000, receiveBufferSize=0, sendBufferSize=0}, connectionPoolSettings=ConnectionPoolSettings{maxSize=100, minSize=0, maxWaitTimeMS=120000, maxConnectionLifeTimeMS=0, maxConnectionIdleTimeMS=0, maintenanceInitialDelayMS=0, maintenanceFrequencyMS=60000, connectionPoolListeners=[io.micrometer.core.instrument.binder.mongodb.MongoMetricsConnectionPoolListener@350323a0], maxConnecting=2}, serverSettings=ServerSettings{heartbeatFrequencyMS=10000, minHeartbeatFrequencyMS=500, serverListeners='[]', serverMonitorListeners='[]'}, sslSettings=SslSettings{enabled=true, invalidHostNameAllowed=false, context=null}, applicationName='null', compressorList=[], uuidRepresentation=JAVA_LEGACY, serverApi=null, autoEncryptionSettings=null, contextProvider=null}
2022-12-27T02:51:02.414+10:00  INFO 29753 --- [cluster-ClusterId{value='63a9d0f65e1e4026ee84ec5c', description='null'}-srv-cluster-1.0nqvgu2.mongodb.net] org.mongodb.driver.cluster               : Adding discovered server ac-qdoa5md-shard-00-00.0nqvgu2.mongodb.net:27017 to client view of cluster
2022-12-27T02:51:02.426+10:00  INFO 29753 --- [cluster-ClusterId{value='63a9d0f65e1e4026ee84ec5c', description='null'}-srv-cluster-1.0nqvgu2.mongodb.net] org.mongodb.driver.cluster               : Adding discovered server ac-qdoa5md-shard-00-02.0nqvgu2.mongodb.net:27017 to client view of cluster
2022-12-27T02:51:02.427+10:00  INFO 29753 --- [cluster-ClusterId{value='63a9d0f65e1e4026ee84ec5c', description='null'}-srv-cluster-1.0nqvgu2.mongodb.net] org.mongodb.driver.cluster               : Adding discovered server ac-qdoa5md-shard-00-01.0nqvgu2.mongodb.net:27017 to client view of cluster
2022-12-27T02:51:02.678+10:00  INFO 29753 --- [cluster-ClusterId{value='63a9d0f65e1e4026ee84ec5c', description='null'}-ac-qdoa5md-shard-00-00.0nqvgu2.mongodb.net:27017] org.mongodb.driver.cluster               : Monitor thread successfully connected to server with description ServerDescription{address=ac-qdoa5md-shard-00-00.0nqvgu2.mongodb.net:27017, type=REPLICA_SET_SECONDARY, state=CONNECTED, ok=true, minWireVersion=0, maxWireVersion=13, maxDocumentSize=16777216, logicalSessionTimeoutMinutes=30, roundTripTimeNanos=139130083, setName='atlas-9rc71x-shard-0', canonicalAddress=ac-qdoa5md-shard-00-00.0nqvgu2.mongodb.net:27017, hosts=[ac-qdoa5md-shard-00-01.0nqvgu2.mongodb.net:27017, ac-qdoa5md-shard-00-02.0nqvgu2.mongodb.net:27017, ac-qdoa5md-shard-00-00.0nqvgu2.mongodb.net:27017], passives=[], arbiters=[], primary='ac-qdoa5md-shard-00-02.0nqvgu2.mongodb.net:27017', tagSet=TagSet{[Tag{name='nodeType', value='ELECTABLE'}, Tag{name='provider', value='AWS'}, Tag{name='region', value='AP_SOUTHEAST_2'}, Tag{name='workloadType', value='OPERATIONAL'}]}, electionId=null, setVersion=7, topologyVersion=TopologyVersion{processId=637bdc717fad65cabd5e28ae, counter=5}, lastWriteDate=Tue Dec 27 02:51:02 AEST 2022, lastUpdateTimeNanos=509213335755083}
2022-12-27T02:51:02.678+10:00  INFO 29753 --- [cluster-ClusterId{value='63a9d0f65e1e4026ee84ec5c', description='null'}-ac-qdoa5md-shard-00-02.0nqvgu2.mongodb.net:27017] org.mongodb.driver.cluster               : Monitor thread successfully connected to server with description ServerDescription{address=ac-qdoa5md-shard-00-02.0nqvgu2.mongodb.net:27017, type=REPLICA_SET_PRIMARY, state=CONNECTED, ok=true, minWireVersion=0, maxWireVersion=13, maxDocumentSize=16777216, logicalSessionTimeoutMinutes=30, roundTripTimeNanos=138384042, setName='atlas-9rc71x-shard-0', canonicalAddress=ac-qdoa5md-shard-00-02.0nqvgu2.mongodb.net:27017, hosts=[ac-qdoa5md-shard-00-01.0nqvgu2.mongodb.net:27017, ac-qdoa5md-shard-00-02.0nqvgu2.mongodb.net:27017, ac-qdoa5md-shard-00-00.0nqvgu2.mongodb.net:27017], passives=[], arbiters=[], primary='ac-qdoa5md-shard-00-02.0nqvgu2.mongodb.net:27017', tagSet=TagSet{[Tag{name='nodeType', value='ELECTABLE'}, Tag{name='provider', value='AWS'}, Tag{name='region', value='AP_SOUTHEAST_2'}, Tag{name='workloadType', value='OPERATIONAL'}]}, electionId=7fffffff0000000000000056, setVersion=7, topologyVersion=TopologyVersion{processId=637bddcac20996e771c03241, counter=6}, lastWriteDate=Tue Dec 27 02:51:02 AEST 2022, lastUpdateTimeNanos=509213335755958}
2022-12-27T02:51:02.678+10:00  INFO 29753 --- [cluster-ClusterId{value='63a9d0f65e1e4026ee84ec5c', description='null'}-ac-qdoa5md-shard-00-01.0nqvgu2.mongodb.net:27017] org.mongodb.driver.cluster               : Monitor thread successfully connected to server with description ServerDescription{address=ac-qdoa5md-shard-00-01.0nqvgu2.mongodb.net:27017, type=REPLICA_SET_SECONDARY, state=CONNECTED, ok=true, minWireVersion=0, maxWireVersion=13, maxDocumentSize=16777216, logicalSessionTimeoutMinutes=30, roundTripTimeNanos=140528958, setName='atlas-9rc71x-shard-0', canonicalAddress=ac-qdoa5md-shard-00-01.0nqvgu2.mongodb.net:27017, hosts=[ac-qdoa5md-shard-00-01.0nqvgu2.mongodb.net:27017, ac-qdoa5md-shard-00-02.0nqvgu2.mongodb.net:27017, ac-qdoa5md-shard-00-00.0nqvgu2.mongodb.net:27017], passives=[], arbiters=[], primary='ac-qdoa5md-shard-00-02.0nqvgu2.mongodb.net:27017', tagSet=TagSet{[Tag{name='nodeType', value='ELECTABLE'}, Tag{name='provider', value='AWS'}, Tag{name='region', value='AP_SOUTHEAST_2'}, Tag{name='workloadType', value='OPERATIONAL'}]}, electionId=null, setVersion=7, topologyVersion=TopologyVersion{processId=637bdf250b281ae46cfb3a13, counter=3}, lastWriteDate=Tue Dec 27 02:51:02 AEST 2022, lastUpdateTimeNanos=509213335755958}
2022-12-27T02:51:02.679+10:00  INFO 29753 --- [cluster-ClusterId{value='63a9d0f65e1e4026ee84ec5c', description='null'}-ac-qdoa5md-shard-00-02.0nqvgu2.mongodb.net:27017] org.mongodb.driver.cluster               : Discovered replica set primary ac-qdoa5md-shard-00-02.0nqvgu2.mongodb.net:27017 with max election id 7fffffff0000000000000056 and max set version 7
2022-12-27T02:51:02.831+10:00  INFO 29753 --- [main] o.s.b.a.e.web.EndpointLinksResolver      : Exposing 1 endpoint(s) beneath base path '/actuator'
2022-12-27T02:51:03.201+10:00  INFO 29753 --- [main] o.s.s.web.DefaultSecurityFilterChain     : Will secure any request with [org.springframework.security.web.session.DisableEncodeUrlFilter@369a95a5, org.springframework.security.web.context.request.async.WebAsyncManagerIntegrationFilter@543da15, org.springframework.security.web.context.SecurityContextHolderFilter@5e1d1524, org.springframework.security.web.header.HeaderWriterFilter@71734463, org.springframework.web.filter.CorsFilter@69d7bc1a, org.springframework.security.web.authentication.logout.LogoutFilter@68479e8b, com.microtimemanagement.apiservice.filter.MtmSessionFilter@4239262e, org.springframework.security.web.savedrequest.RequestCacheAwareFilter@430aae8e, org.springframework.security.web.servletapi.SecurityContextHolderAwareRequestFilter@7ec508e6, org.springframework.security.web.authentication.AnonymousAuthenticationFilter@cb318ac, org.springframework.security.web.session.SessionManagementFilter@7434ee13, org.springframework.security.web.access.ExceptionTranslationFilter@2382b2f, org.springframework.security.web.access.intercept.AuthorizationFilter@16f4a3c0]
2022-12-27T02:51:03.378+10:00  INFO 29753 --- [main] o.s.b.w.embedded.tomcat.TomcatWebServer  : Tomcat started on port(s): 8080 (http) with context path '/mtm'
2022-12-27T02:51:03.386+10:00  INFO 29753 --- [main] c.m.apiservice.ApiServiceApplication     : Started ApiServiceApplication in 2.579 seconds (process running for 3.014)
2022-12-27T02:51:09.010+10:00  INFO 29753 --- [http-nio-8080-exec-1] o.a.c.c.C.[Tomcat].[localhost].[/mtm]    : Initializing Spring DispatcherServlet 'dispatcherServlet'
2022-12-27T02:51:09.011+10:00  INFO 29753 --- [http-nio-8080-exec-1] o.s.web.servlet.DispatcherServlet        : Initializing Servlet 'dispatcherServlet'
2022-12-27T02:51:09.014+10:00  INFO 29753 --- [http-nio-8080-exec-1] o.s.web.servlet.DispatcherServlet        : Completed initialization in 3 ms
2022-12-27T02:51:09.158+10:00  INFO 29753 --- [http-nio-8080-exec-1] c.m.apiservice.utils.JwtUtils            : Parsed claims: header={alg=HS512},body={authorities=[ROLE_MTM_USER], sub=string, iat=1672071124, exp=1672157524},signature=_AyDfH-Lr1XbkjV3nGIMhFkpziB8mBJqEnm8dsXAZOT-pUs6475unBpiM1cVBU7vT7lcUim1jY0mX0A4X_1HWg
2022-12-27T02:51:09.190+10:00  INFO 29753 --- [http-nio-8080-exec-1] croTimeManagementAuthenticationException : MicroTimeManagementBadRequestException: Invalid session token.
2022-12-27T02:51:09.192+10:00 ERROR 29753 --- [http-nio-8080-exec-1] o.a.c.c.C.[.[.[.[dispatcherServlet]      : Servlet.service() for servlet [dispatcherServlet] in context with path [/mtm] threw exception

com.microtimemanagement.apiservice.exceptions.MicroTimeManagementAuthenticationException: Invalid session token.
	at com.microtimemanagement.apiservice.filter.MtmSessionFilter.doFilterInternal(MtmSessionFilter.java:54) ~[classes/:na]
	at org.springframework.web.filter.OncePerRequestFilter.doFilter(OncePerRequestFilter.java:116) ~[spring-web-6.0.2.jar:6.0.2]
	at org.springframework.security.web.ObservationFilterChainDecorator$ObservationFilter.wrapFilter(ObservationFilterChainDecorator.java:185) ~[spring-security-web-6.0.0.jar:6.0.0]
	at org.springframework.security.web.ObservationFilterChainDecorator$ObservationFilter.doFilter(ObservationFilterChainDecorator.java:173) ~[spring-security-web-6.0.0.jar:6.0.0]
	at org.springframework.security.web.ObservationFilterChainDecorator$VirtualFilterChain.doFilter(ObservationFilterChainDecorator.java:134) ~[spring-security-web-6.0.0.jar:6.0.0]
	at org.springframework.security.web.authentication.logout.LogoutFilter.doFilter(LogoutFilter.java:107) ~[spring-security-web-6.0.0.jar:6.0.0]
	at org.springframework.security.web.authentication.logout.LogoutFilter.doFilter(LogoutFilter.java:93) ~[spring-security-web-6.0.0.jar:6.0.0]
	at org.springframework.security.web.ObservationFilterChainDecorator$ObservationFilter.wrapFilter(ObservationFilterChainDecorator.java:185) ~[spring-security-web-6.0.0.jar:6.0.0]
	at org.springframework.security.web.ObservationFilterChainDecorator$ObservationFilter.doFilter(ObservationFilterChainDecorator.java:173) ~[spring-security-web-6.0.0.jar:6.0.0]
	at org.springframework.security.web.ObservationFilterChainDecorator$VirtualFilterChain.doFilter(ObservationFilterChainDecorator.java:134) ~[spring-security-web-6.0.0.jar:6.0.0]
	at org.springframework.web.filter.CorsFilter.doFilterInternal(CorsFilter.java:91) ~[spring-web-6.0.2.jar:6.0.2]
	at org.springframework.web.filter.OncePerRequestFilter.doFilter(OncePerRequestFilter.java:116) ~[spring-web-6.0.2.jar:6.0.2]
	at org.springframework.security.web.ObservationFilterChainDecorator$ObservationFilter.wrapFilter(ObservationFilterChainDecorator.java:185) ~[spring-security-web-6.0.0.jar:6.0.0]
	at org.springframework.security.web.ObservationFilterChainDecorator$ObservationFilter.doFilter(ObservationFilterChainDecorator.java:173) ~[spring-security-web-6.0.0.jar:6.0.0]
	at org.springframework.security.web.ObservationFilterChainDecorator$VirtualFilterChain.doFilter(ObservationFilterChainDecorator.java:134) ~[spring-security-web-6.0.0.jar:6.0.0]
	at org.springframework.security.web.header.HeaderWriterFilter.doHeadersAfter(HeaderWriterFilter.java:90) ~[spring-security-web-6.0.0.jar:6.0.0]
	at org.springframework.security.web.header.HeaderWriterFilter.doFilterInternal(HeaderWriterFilter.java:75) ~[spring-security-web-6.0.0.jar:6.0.0]
	at org.springframework.web.filter.OncePerRequestFilter.doFilter(OncePerRequestFilter.java:116) ~[spring-web-6.0.2.jar:6.0.2]
	at org.springframework.security.web.ObservationFilterChainDecorator$ObservationFilter.wrapFilter(ObservationFilterChainDecorator.java:185) ~[spring-security-web-6.0.0.jar:6.0.0]
	at org.springframework.security.web.ObservationFilterChainDecorator$ObservationFilter.doFilter(ObservationFilterChainDecorator.java:173) ~[spring-security-web-6.0.0.jar:6.0.0]
	at org.springframework.security.web.ObservationFilterChainDecorator$VirtualFilterChain.doFilter(ObservationFilterChainDecorator.java:134) ~[spring-security-web-6.0.0.jar:6.0.0]
	at org.springframework.security.web.context.SecurityContextHolderFilter.doFilterInternal(SecurityContextHolderFilter.java:69) ~[spring-security-web-6.0.0.jar:6.0.0]
	at org.springframework.web.filter.OncePerRequestFilter.doFilter(OncePerRequestFilter.java:116) ~[spring-web-6.0.2.jar:6.0.2]
	at org.springframework.security.web.ObservationFilterChainDecorator$ObservationFilter.wrapFilter(ObservationFilterChainDecorator.java:185) ~[spring-security-web-6.0.0.jar:6.0.0]
	at org.springframework.security.web.ObservationFilterChainDecorator$ObservationFilter.doFilter(ObservationFilterChainDecorator.java:173) ~[spring-security-web-6.0.0.jar:6.0.0]
	at org.springframework.security.web.ObservationFilterChainDecorator$VirtualFilterChain.doFilter(ObservationFilterChainDecorator.java:134) ~[spring-security-web-6.0.0.jar:6.0.0]
	at org.springframework.security.web.context.request.async.WebAsyncManagerIntegrationFilter.doFilterInternal(WebAsyncManagerIntegrationFilter.java:62) ~[spring-security-web-6.0.0.jar:6.0.0]
	at org.springframework.web.filter.OncePerRequestFilter.doFilter(OncePerRequestFilter.java:116) ~[spring-web-6.0.2.jar:6.0.2]
	at org.springframework.security.web.ObservationFilterChainDecorator$ObservationFilter.wrapFilter(ObservationFilterChainDecorator.java:185) ~[spring-security-web-6.0.0.jar:6.0.0]
	at org.springframework.security.web.ObservationFilterChainDecorator$ObservationFilter.doFilter(ObservationFilterChainDecorator.java:173) ~[spring-security-web-6.0.0.jar:6.0.0]
	at org.springframework.security.web.ObservationFilterChainDecorator$VirtualFilterChain.doFilter(ObservationFilterChainDecorator.java:134) ~[spring-security-web-6.0.0.jar:6.0.0]
	at org.springframework.security.web.session.DisableEncodeUrlFilter.doFilterInternal(DisableEncodeUrlFilter.java:42) ~[spring-security-web-6.0.0.jar:6.0.0]
	at org.springframework.web.filter.OncePerRequestFilter.doFilter(OncePerRequestFilter.java:116) ~[spring-web-6.0.2.jar:6.0.2]
	at org.springframework.security.web.ObservationFilterChainDecorator$ObservationFilter.wrapFilter(ObservationFilterChainDecorator.java:185) ~[spring-security-web-6.0.0.jar:6.0.0]
	at org.springframework.security.web.ObservationFilterChainDecorator$AroundFilterObservation$SimpleAroundFilterObservation.lambda$wrap$0(ObservationFilterChainDecorator.java:278) ~[spring-security-web-6.0.0.jar:6.0.0]
	at org.springframework.security.web.ObservationFilterChainDecorator$ObservationFilter.doFilter(ObservationFilterChainDecorator.java:170) ~[spring-security-web-6.0.0.jar:6.0.0]
	at org.springframework.security.web.ObservationFilterChainDecorator$VirtualFilterChain.doFilter(ObservationFilterChainDecorator.java:134) ~[spring-security-web-6.0.0.jar:6.0.0]
	at org.springframework.security.web.FilterChainProxy.doFilterInternal(FilterChainProxy.java:233) ~[spring-security-web-6.0.0.jar:6.0.0]
	at org.springframework.security.web.FilterChainProxy.doFilter(FilterChainProxy.java:191) ~[spring-security-web-6.0.0.jar:6.0.0]
	at org.springframework.web.filter.DelegatingFilterProxy.invokeDelegate(DelegatingFilterProxy.java:351) ~[spring-web-6.0.2.jar:6.0.2]
	at org.springframework.web.filter.DelegatingFilterProxy.doFilter(DelegatingFilterProxy.java:267) ~[spring-web-6.0.2.jar:6.0.2]
	at org.apache.catalina.core.ApplicationFilterChain.internalDoFilter(ApplicationFilterChain.java:185) ~[tomcat-embed-core-10.1.1.jar:10.1.1]
	at org.apache.catalina.core.ApplicationFilterChain.doFilter(ApplicationFilterChain.java:158) ~[tomcat-embed-core-10.1.1.jar:10.1.1]
	at org.springframework.web.filter.RequestContextFilter.doFilterInternal(RequestContextFilter.java:100) ~[spring-web-6.0.2.jar:6.0.2]
	at org.springframework.web.filter.OncePerRequestFilter.doFilter(OncePerRequestFilter.java:116) ~[spring-web-6.0.2.jar:6.0.2]
	at org.apache.catalina.core.ApplicationFilterChain.internalDoFilter(ApplicationFilterChain.java:185) ~[tomcat-embed-core-10.1.1.jar:10.1.1]
	at org.apache.catalina.core.ApplicationFilterChain.doFilter(ApplicationFilterChain.java:158) ~[tomcat-embed-core-10.1.1.jar:10.1.1]
	at org.springframework.web.filter.FormContentFilter.doFilterInternal(FormContentFilter.java:93) ~[spring-web-6.0.2.jar:6.0.2]
	at org.springframework.web.filter.OncePerRequestFilter.doFilter(OncePerRequestFilter.java:116) ~[spring-web-6.0.2.jar:6.0.2]
	at org.apache.catalina.core.ApplicationFilterChain.internalDoFilter(ApplicationFilterChain.java:185) ~[tomcat-embed-core-10.1.1.jar:10.1.1]
	at org.apache.catalina.core.ApplicationFilterChain.doFilter(ApplicationFilterChain.java:158) ~[tomcat-embed-core-10.1.1.jar:10.1.1]
	at org.springframework.web.filter.ServerHttpObservationFilter.doFilterInternal(ServerHttpObservationFilter.java:109) ~[spring-web-6.0.2.jar:6.0.2]
	at org.springframework.web.filter.OncePerRequestFilter.doFilter(OncePerRequestFilter.java:116) ~[spring-web-6.0.2.jar:6.0.2]
	at org.apache.catalina.core.ApplicationFilterChain.internalDoFilter(ApplicationFilterChain.java:185) ~[tomcat-embed-core-10.1.1.jar:10.1.1]
	at org.apache.catalina.core.ApplicationFilterChain.doFilter(ApplicationFilterChain.java:158) ~[tomcat-embed-core-10.1.1.jar:10.1.1]
	at org.springframework.web.filter.CharacterEncodingFilter.doFilterInternal(CharacterEncodingFilter.java:201) ~[spring-web-6.0.2.jar:6.0.2]
	at org.springframework.web.filter.OncePerRequestFilter.doFilter(OncePerRequestFilter.java:116) ~[spring-web-6.0.2.jar:6.0.2]
	at org.apache.catalina.core.ApplicationFilterChain.internalDoFilter(ApplicationFilterChain.java:185) ~[tomcat-embed-core-10.1.1.jar:10.1.1]
	at org.apache.catalina.core.ApplicationFilterChain.doFilter(ApplicationFilterChain.java:158) ~[tomcat-embed-core-10.1.1.jar:10.1.1]
	at org.apache.catalina.core.StandardWrapperValve.invoke(StandardWrapperValve.java:197) ~[tomcat-embed-core-10.1.1.jar:10.1.1]
	at org.apache.catalina.core.StandardContextValve.invoke(StandardContextValve.java:97) ~[tomcat-embed-core-10.1.1.jar:10.1.1]
	at org.apache.catalina.authenticator.AuthenticatorBase.invoke(AuthenticatorBase.java:542) ~[tomcat-embed-core-10.1.1.jar:10.1.1]
	at org.apache.catalina.core.StandardHostValve.invoke(StandardHostValve.java:119) ~[tomcat-embed-core-10.1.1.jar:10.1.1]
	at org.apache.catalina.valves.ErrorReportValve.invoke(ErrorReportValve.java:92) ~[tomcat-embed-core-10.1.1.jar:10.1.1]
	at org.apache.catalina.core.StandardEngineValve.invoke(StandardEngineValve.java:78) ~[tomcat-embed-core-10.1.1.jar:10.1.1]
	at org.apache.catalina.connector.CoyoteAdapter.service(CoyoteAdapter.java:357) ~[tomcat-embed-core-10.1.1.jar:10.1.1]
	at org.apache.coyote.http11.Http11Processor.service(Http11Processor.java:400) ~[tomcat-embed-core-10.1.1.jar:10.1.1]
	at org.apache.coyote.AbstractProcessorLight.process(AbstractProcessorLight.java:65) ~[tomcat-embed-core-10.1.1.jar:10.1.1]
	at org.apache.coyote.AbstractProtocol$ConnectionHandler.process(AbstractProtocol.java:861) ~[tomcat-embed-core-10.1.1.jar:10.1.1]
	at org.apache.tomcat.util.net.NioEndpoint$SocketProcessor.doRun(NioEndpoint.java:1739) ~[tomcat-embed-core-10.1.1.jar:10.1.1]
	at org.apache.tomcat.util.net.SocketProcessorBase.run(SocketProcessorBase.java:52) ~[tomcat-embed-core-10.1.1.jar:10.1.1]
	at org.apache.tomcat.util.threads.ThreadPoolExecutor.runWorker(ThreadPoolExecutor.java:1191) ~[tomcat-embed-core-10.1.1.jar:10.1.1]
	at org.apache.tomcat.util.threads.ThreadPoolExecutor$Worker.run(ThreadPoolExecutor.java:659) ~[tomcat-embed-core-10.1.1.jar:10.1.1]
	at org.apache.tomcat.util.threads.TaskThread$WrappingRunnable.run(TaskThread.java:61) ~[tomcat-embed-core-10.1.1.jar:10.1.1]
	at java.base/java.lang.Thread.run(Thread.java:833) ~[na:na]

2022-12-27T02:56:05.336+10:00  INFO 29982 --- [main] c.m.apiservice.ApiServiceApplication     : Starting ApiServiceApplication using Java 17.0.5 with PID 29982 (/Users/vishal.dogra/Documents/Projects/MicroTimeManagement/backend/api-service/target/classes started by vishal.dogra in /Users/vishal.dogra/Documents/Projects/MicroTimeManagement/backend/api-service)
2022-12-27T02:56:05.340+10:00  INFO 29982 --- [main] c.m.apiservice.ApiServiceApplication     : No active profile set, falling back to 1 default profile: "default"
2022-12-27T02:56:05.916+10:00  INFO 29982 --- [main] .s.d.r.c.RepositoryConfigurationDelegate : Bootstrapping Spring Data MongoDB repositories in DEFAULT mode.
2022-12-27T02:56:05.952+10:00  INFO 29982 --- [main] .s.d.r.c.RepositoryConfigurationDelegate : Finished Spring Data repository scanning in 33 ms. Found 4 MongoDB repository interfaces.
2022-12-27T02:56:06.062+10:00  INFO 29982 --- [main] trationDelegate$BeanPostProcessorChecker : Bean 'authorityDefaults' of type [org.springframework.security.config.core.GrantedAuthorityDefaults] is not eligible for getting processed by all BeanPostProcessors (for example: not eligible for auto-proxying)
2022-12-27T02:56:06.204+10:00  INFO 29982 --- [main] o.s.b.w.embedded.tomcat.TomcatWebServer  : Tomcat initialized with port(s): 8080 (http)
2022-12-27T02:56:06.209+10:00  INFO 29982 --- [main] o.apache.catalina.core.StandardService   : Starting service [Tomcat]
2022-12-27T02:56:06.209+10:00  INFO 29982 --- [main] o.apache.catalina.core.StandardEngine    : Starting Servlet engine: [Apache Tomcat/10.1.1]
2022-12-27T02:56:06.249+10:00  INFO 29982 --- [main] o.a.c.c.C.[Tomcat].[localhost].[/mtm]    : Initializing Spring embedded WebApplicationContext
2022-12-27T02:56:06.249+10:00  INFO 29982 --- [main] w.s.c.ServletWebServerApplicationContext : Root WebApplicationContext: initialization completed in 864 ms
2022-12-27T02:56:06.502+10:00  INFO 29982 --- [main] org.mongodb.driver.client                : MongoClient with metadata {"driver": {"name": "mongo-java-driver|sync|spring-boot", "version": "4.8.0"}, "os": {"type": "Darwin", "name": "Mac OS X", "architecture": "aarch64", "version": "13.0.1"}, "platform": "Java/Azul Systems, Inc./17.0.5+8-LTS"} created with settings MongoClientSettings{readPreference=primary, writeConcern=WriteConcern{w=majority, wTimeout=null ms, journal=null}, retryWrites=true, retryReads=true, readConcern=ReadConcern{level=null}, credential=MongoCredential{mechanism=null, userName='spring_micro_time_manager', source='admin', password=<hidden>, mechanismProperties=<hidden>}, streamFactoryFactory=null, commandListeners=[io.micrometer.core.instrument.binder.mongodb.MongoMetricsCommandListener@7b9088f2], codecRegistry=ProvidersCodecRegistry{codecProviders=[ValueCodecProvider{}, BsonValueCodecProvider{}, DBRefCodecProvider{}, DBObjectCodecProvider{}, DocumentCodecProvider{}, CollectionCodecProvider{}, IterableCodecProvider{}, MapCodecProvider{}, GeoJsonCodecProvider{}, GridFSFileCodecProvider{}, Jsr310CodecProvider{}, JsonObjectCodecProvider{}, BsonCodecProvider{}, EnumCodecProvider{}, com.mongodb.Jep395RecordCodecProvider@1a914089]}, clusterSettings={hosts=[127.0.0.1:27017], srvHost=cluster-1.0nqvgu2.mongodb.net, srvServiceName=mongodb, mode=MULTIPLE, requiredClusterType=REPLICA_SET, requiredReplicaSetName='atlas-9rc71x-shard-0', serverSelector='null', clusterListeners='[]', serverSelectionTimeout='30000 ms', localThreshold='30000 ms'}, socketSettings=SocketSettings{connectTimeoutMS=10000, readTimeoutMS=0, receiveBufferSize=0, sendBufferSize=0}, heartbeatSocketSettings=SocketSettings{connectTimeoutMS=10000, readTimeoutMS=10000, receiveBufferSize=0, sendBufferSize=0}, connectionPoolSettings=ConnectionPoolSettings{maxSize=100, minSize=0, maxWaitTimeMS=120000, maxConnectionLifeTimeMS=0, maxConnectionIdleTimeMS=0, maintenanceInitialDelayMS=0, maintenanceFrequencyMS=60000, connectionPoolListeners=[io.micrometer.core.instrument.binder.mongodb.MongoMetricsConnectionPoolListener@43d76a92], maxConnecting=2}, serverSettings=ServerSettings{heartbeatFrequencyMS=10000, minHeartbeatFrequencyMS=500, serverListeners='[]', serverMonitorListeners='[]'}, sslSettings=SslSettings{enabled=true, invalidHostNameAllowed=false, context=null}, applicationName='null', compressorList=[], uuidRepresentation=JAVA_LEGACY, serverApi=null, autoEncryptionSettings=null, contextProvider=null}
2022-12-27T02:56:06.847+10:00  INFO 29982 --- [main] o.s.b.a.e.web.EndpointLinksResolver      : Exposing 1 endpoint(s) beneath base path '/actuator'
2022-12-27T02:56:07.133+10:00  INFO 29982 --- [cluster-ClusterId{value='63a9d226bddecf2cd0bf7398', description='null'}-srv-cluster-1.0nqvgu2.mongodb.net] org.mongodb.driver.cluster               : Adding discovered server ac-qdoa5md-shard-00-00.0nqvgu2.mongodb.net:27017 to client view of cluster
2022-12-27T02:56:07.145+10:00  INFO 29982 --- [cluster-ClusterId{value='63a9d226bddecf2cd0bf7398', description='null'}-srv-cluster-1.0nqvgu2.mongodb.net] org.mongodb.driver.cluster               : Adding discovered server ac-qdoa5md-shard-00-02.0nqvgu2.mongodb.net:27017 to client view of cluster
2022-12-27T02:56:07.146+10:00  INFO 29982 --- [cluster-ClusterId{value='63a9d226bddecf2cd0bf7398', description='null'}-srv-cluster-1.0nqvgu2.mongodb.net] org.mongodb.driver.cluster               : Adding discovered server ac-qdoa5md-shard-00-01.0nqvgu2.mongodb.net:27017 to client view of cluster
2022-12-27T02:56:07.327+10:00  INFO 29982 --- [main] o.s.s.web.DefaultSecurityFilterChain     : Will secure any request with [org.springframework.security.web.session.DisableEncodeUrlFilter@3e2c8ef, org.springframework.security.web.context.request.async.WebAsyncManagerIntegrationFilter@290807e5, org.springframework.security.web.context.SecurityContextHolderFilter@294c44b7, org.springframework.security.web.header.HeaderWriterFilter@38cf4497, org.springframework.web.filter.CorsFilter@60bc308b, org.springframework.security.web.authentication.logout.LogoutFilter@3359c3f6, com.microtimemanagement.apiservice.filter.MtmSessionFilter@6a1d1467, org.springframework.security.web.savedrequest.RequestCacheAwareFilter@57b130f6, org.springframework.security.web.servletapi.SecurityContextHolderAwareRequestFilter@6fbc7853, org.springframework.security.web.authentication.AnonymousAuthenticationFilter@56499781, org.springframework.security.web.session.SessionManagementFilter@41bd6a0f, org.springframework.security.web.access.ExceptionTranslationFilter@43d6262c, org.springframework.security.web.access.intercept.AuthorizationFilter@507f47f9]
2022-12-27T02:56:07.492+10:00  INFO 29982 --- [main] o.s.b.w.embedded.tomcat.TomcatWebServer  : Tomcat started on port(s): 8080 (http) with context path '/mtm'
2022-12-27T02:56:07.501+10:00  INFO 29982 --- [main] c.m.apiservice.ApiServiceApplication     : Started ApiServiceApplication in 2.481 seconds (process running for 2.905)
2022-12-27T02:56:07.524+10:00  INFO 29982 --- [main] org.mongodb.driver.cluster               : No server chosen by com.mongodb.client.internal.MongoClientDelegate$1@1397b141 from cluster description ClusterDescription{type=REPLICA_SET, connectionMode=MULTIPLE, serverDescriptions=[ServerDescription{address=ac-qdoa5md-shard-00-01.0nqvgu2.mongodb.net:27017, type=UNKNOWN, state=CONNECTING}, ServerDescription{address=ac-qdoa5md-shard-00-00.0nqvgu2.mongodb.net:27017, type=UNKNOWN, state=CONNECTING}, ServerDescription{address=ac-qdoa5md-shard-00-02.0nqvgu2.mongodb.net:27017, type=UNKNOWN, state=CONNECTING}]}. Waiting for 30000 ms before timing out
2022-12-27T02:56:07.834+10:00  INFO 29982 --- [cluster-ClusterId{value='63a9d226bddecf2cd0bf7398', description='null'}-ac-qdoa5md-shard-00-00.0nqvgu2.mongodb.net:27017] org.mongodb.driver.cluster               : Monitor thread successfully connected to server with description ServerDescription{address=ac-qdoa5md-shard-00-00.0nqvgu2.mongodb.net:27017, type=REPLICA_SET_SECONDARY, state=CONNECTED, ok=true, minWireVersion=0, maxWireVersion=13, maxDocumentSize=16777216, logicalSessionTimeoutMinutes=30, roundTripTimeNanos=146733292, setName='atlas-9rc71x-shard-0', canonicalAddress=ac-qdoa5md-shard-00-00.0nqvgu2.mongodb.net:27017, hosts=[ac-qdoa5md-shard-00-01.0nqvgu2.mongodb.net:27017, ac-qdoa5md-shard-00-02.0nqvgu2.mongodb.net:27017, ac-qdoa5md-shard-00-00.0nqvgu2.mongodb.net:27017], passives=[], arbiters=[], primary='ac-qdoa5md-shard-00-02.0nqvgu2.mongodb.net:27017', tagSet=TagSet{[Tag{name='nodeType', value='ELECTABLE'}, Tag{name='provider', value='AWS'}, Tag{name='region', value='AP_SOUTHEAST_2'}, Tag{name='workloadType', value='OPERATIONAL'}]}, electionId=null, setVersion=7, topologyVersion=TopologyVersion{processId=637bdc717fad65cabd5e28ae, counter=5}, lastWriteDate=Tue Dec 27 02:56:08 AEST 2022, lastUpdateTimeNanos=509518490217416}
2022-12-27T02:56:07.841+10:00  INFO 29982 --- [main] org.mongodb.driver.cluster               : No server chosen by ReadPreferenceServerSelector{readPreference=primary} from cluster description ClusterDescription{type=REPLICA_SET, connectionMode=MULTIPLE, serverDescriptions=[ServerDescription{address=ac-qdoa5md-shard-00-01.0nqvgu2.mongodb.net:27017, type=UNKNOWN, state=CONNECTING}, ServerDescription{address=ac-qdoa5md-shard-00-00.0nqvgu2.mongodb.net:27017, type=REPLICA_SET_SECONDARY, state=CONNECTED, ok=true, minWireVersion=0, maxWireVersion=13, maxDocumentSize=16777216, logicalSessionTimeoutMinutes=30, roundTripTimeNanos=146733292, setName='atlas-9rc71x-shard-0', canonicalAddress=ac-qdoa5md-shard-00-00.0nqvgu2.mongodb.net:27017, hosts=[ac-qdoa5md-shard-00-01.0nqvgu2.mongodb.net:27017, ac-qdoa5md-shard-00-02.0nqvgu2.mongodb.net:27017, ac-qdoa5md-shard-00-00.0nqvgu2.mongodb.net:27017], passives=[], arbiters=[], primary='ac-qdoa5md-shard-00-02.0nqvgu2.mongodb.net:27017', tagSet=TagSet{[Tag{name='nodeType', value='ELECTABLE'}, Tag{name='provider', value='AWS'}, Tag{name='region', value='AP_SOUTHEAST_2'}, Tag{name='workloadType', value='OPERATIONAL'}]}, electionId=null, setVersion=7, topologyVersion=TopologyVersion{processId=637bdc717fad65cabd5e28ae, counter=5}, lastWriteDate=Tue Dec 27 02:56:08 AEST 2022, lastUpdateTimeNanos=509518490217416}, ServerDescription{address=ac-qdoa5md-shard-00-02.0nqvgu2.mongodb.net:27017, type=UNKNOWN, state=CONNECTING}]}. Waiting for 30000 ms before timing out
2022-12-27T02:56:07.842+10:00  INFO 29982 --- [cluster-ClusterId{value='63a9d226bddecf2cd0bf7398', description='null'}-ac-qdoa5md-shard-00-01.0nqvgu2.mongodb.net:27017] org.mongodb.driver.cluster               : Monitor thread successfully connected to server with description ServerDescription{address=ac-qdoa5md-shard-00-01.0nqvgu2.mongodb.net:27017, type=REPLICA_SET_SECONDARY, state=CONNECTED, ok=true, minWireVersion=0, maxWireVersion=13, maxDocumentSize=16777216, logicalSessionTimeoutMinutes=30, roundTripTimeNanos=97547333, setName='atlas-9rc71x-shard-0', canonicalAddress=ac-qdoa5md-shard-00-01.0nqvgu2.mongodb.net:27017, hosts=[ac-qdoa5md-shard-00-01.0nqvgu2.mongodb.net:27017, ac-qdoa5md-shard-00-02.0nqvgu2.mongodb.net:27017, ac-qdoa5md-shard-00-00.0nqvgu2.mongodb.net:27017], passives=[], arbiters=[], primary='ac-qdoa5md-shard-00-02.0nqvgu2.mongodb.net:27017', tagSet=TagSet{[Tag{name='nodeType', value='ELECTABLE'}, Tag{name='provider', value='AWS'}, Tag{name='region', value='AP_SOUTHEAST_2'}, Tag{name='workloadType', value='OPERATIONAL'}]}, electionId=null, setVersion=7, topologyVersion=TopologyVersion{processId=637bdf250b281ae46cfb3a13, counter=3}, lastWriteDate=Tue Dec 27 02:56:08 AEST 2022, lastUpdateTimeNanos=509518499220041}
2022-12-27T02:56:07.942+10:00  INFO 29982 --- [cluster-ClusterId{value='63a9d226bddecf2cd0bf7398', description='null'}-ac-qdoa5md-shard-00-02.0nqvgu2.mongodb.net:27017] org.mongodb.driver.cluster               : Monitor thread successfully connected to server with description ServerDescription{address=ac-qdoa5md-shard-00-02.0nqvgu2.mongodb.net:27017, type=REPLICA_SET_PRIMARY, state=CONNECTED, ok=true, minWireVersion=0, maxWireVersion=13, maxDocumentSize=16777216, logicalSessionTimeoutMinutes=30, roundTripTimeNanos=82734208, setName='atlas-9rc71x-shard-0', canonicalAddress=ac-qdoa5md-shard-00-02.0nqvgu2.mongodb.net:27017, hosts=[ac-qdoa5md-shard-00-01.0nqvgu2.mongodb.net:27017, ac-qdoa5md-shard-00-02.0nqvgu2.mongodb.net:27017, ac-qdoa5md-shard-00-00.0nqvgu2.mongodb.net:27017], passives=[], arbiters=[], primary='ac-qdoa5md-shard-00-02.0nqvgu2.mongodb.net:27017', tagSet=TagSet{[Tag{name='nodeType', value='ELECTABLE'}, Tag{name='provider', value='AWS'}, Tag{name='region', value='AP_SOUTHEAST_2'}, Tag{name='workloadType', value='OPERATIONAL'}]}, electionId=7fffffff0000000000000056, setVersion=7, topologyVersion=TopologyVersion{processId=637bddcac20996e771c03241, counter=6}, lastWriteDate=Tue Dec 27 02:56:08 AEST 2022, lastUpdateTimeNanos=509518598845500}
2022-12-27T02:56:07.942+10:00  INFO 29982 --- [cluster-ClusterId{value='63a9d226bddecf2cd0bf7398', description='null'}-ac-qdoa5md-shard-00-02.0nqvgu2.mongodb.net:27017] org.mongodb.driver.cluster               : Discovered replica set primary ac-qdoa5md-shard-00-02.0nqvgu2.mongodb.net:27017 with max election id 7fffffff0000000000000056 and max set version 7
2022-12-27T02:56:13.626+10:00  INFO 29982 --- [http-nio-8080-exec-1] o.a.c.c.C.[Tomcat].[localhost].[/mtm]    : Initializing Spring DispatcherServlet 'dispatcherServlet'
2022-12-27T02:56:13.628+10:00  INFO 29982 --- [http-nio-8080-exec-1] o.s.web.servlet.DispatcherServlet        : Initializing Servlet 'dispatcherServlet'
2022-12-27T02:56:13.633+10:00  INFO 29982 --- [http-nio-8080-exec-1] o.s.web.servlet.DispatcherServlet        : Completed initialization in 4 ms
2022-12-27T02:56:13.761+10:00  INFO 29982 --- [http-nio-8080-exec-1] c.m.apiservice.utils.JwtUtils            : Parsed claims: header={alg=HS512},body={authorities=[ROLE_MTM_USER], sub=string, iat=1672071124, exp=1672157524},signature=_AyDfH-Lr1XbkjV3nGIMhFkpziB8mBJqEnm8dsXAZOT-pUs6475unBpiM1cVBU7vT7lcUim1jY0mX0A4X_1HWg
2022-12-27T02:56:13.798+10:00  INFO 29982 --- [http-nio-8080-exec-1] croTimeManagementAuthenticationException : MicroTimeManagementBadRequestException: Invalid session token.
2022-12-27T02:58:08.820+10:00  INFO 29994 --- [main] c.m.apiservice.ApiServiceApplication     : Starting ApiServiceApplication using Java 17.0.5 with PID 29994 (/Users/vishal.dogra/Documents/Projects/MicroTimeManagement/backend/api-service/target/classes started by vishal.dogra in /Users/vishal.dogra/Documents/Projects/MicroTimeManagement/backend/api-service)
2022-12-27T02:58:08.821+10:00  INFO 29994 --- [main] c.m.apiservice.ApiServiceApplication     : No active profile set, falling back to 1 default profile: "default"
2022-12-27T02:58:10.881+10:00  INFO 29994 --- [main] .s.d.r.c.RepositoryConfigurationDelegate : Bootstrapping Spring Data MongoDB repositories in DEFAULT mode.
2022-12-27T02:58:10.915+10:00  INFO 29994 --- [main] .s.d.r.c.RepositoryConfigurationDelegate : Finished Spring Data repository scanning in 32 ms. Found 4 MongoDB repository interfaces.
2022-12-27T02:58:11.015+10:00  INFO 29994 --- [main] trationDelegate$BeanPostProcessorChecker : Bean 'authorityDefaults' of type [org.springframework.security.config.core.GrantedAuthorityDefaults] is not eligible for getting processed by all BeanPostProcessors (for example: not eligible for auto-proxying)
2022-12-27T02:58:11.162+10:00  INFO 29994 --- [main] o.s.b.w.embedded.tomcat.TomcatWebServer  : Tomcat initialized with port(s): 8080 (http)
2022-12-27T02:58:11.167+10:00  INFO 29994 --- [main] o.apache.catalina.core.StandardService   : Starting service [Tomcat]
2022-12-27T02:58:11.167+10:00  INFO 29994 --- [main] o.apache.catalina.core.StandardEngine    : Starting Servlet engine: [Apache Tomcat/10.1.1]
2022-12-27T02:58:11.221+10:00  INFO 29994 --- [main] o.a.c.c.C.[Tomcat].[localhost].[/mtm]    : Initializing Spring embedded WebApplicationContext
2022-12-27T02:58:11.222+10:00  INFO 29994 --- [main] w.s.c.ServletWebServerApplicationContext : Root WebApplicationContext: initialization completed in 2370 ms
2022-12-27T02:58:11.652+10:00  INFO 29994 --- [main] org.mongodb.driver.client                : MongoClient with metadata {"driver": {"name": "mongo-java-driver|sync|spring-boot", "version": "4.8.0"}, "os": {"type": "Darwin", "name": "Mac OS X", "architecture": "aarch64", "version": "13.0.1"}, "platform": "Java/Azul Systems, Inc./17.0.5+8-LTS"} created with settings MongoClientSettings{readPreference=primary, writeConcern=WriteConcern{w=majority, wTimeout=null ms, journal=null}, retryWrites=true, retryReads=true, readConcern=ReadConcern{level=null}, credential=MongoCredential{mechanism=null, userName='spring_micro_time_manager', source='admin', password=<hidden>, mechanismProperties=<hidden>}, streamFactoryFactory=null, commandListeners=[io.micrometer.core.instrument.binder.mongodb.MongoMetricsCommandListener@7a0ab480], codecRegistry=ProvidersCodecRegistry{codecProviders=[ValueCodecProvider{}, BsonValueCodecProvider{}, DBRefCodecProvider{}, DBObjectCodecProvider{}, DocumentCodecProvider{}, CollectionCodecProvider{}, IterableCodecProvider{}, MapCodecProvider{}, GeoJsonCodecProvider{}, GridFSFileCodecProvider{}, Jsr310CodecProvider{}, JsonObjectCodecProvider{}, BsonCodecProvider{}, EnumCodecProvider{}, com.mongodb.Jep395RecordCodecProvider@79df80a4]}, clusterSettings={hosts=[127.0.0.1:27017], srvHost=cluster-1.0nqvgu2.mongodb.net, srvServiceName=mongodb, mode=MULTIPLE, requiredClusterType=REPLICA_SET, requiredReplicaSetName='atlas-9rc71x-shard-0', serverSelector='null', clusterListeners='[]', serverSelectionTimeout='30000 ms', localThreshold='30000 ms'}, socketSettings=SocketSettings{connectTimeoutMS=10000, readTimeoutMS=0, receiveBufferSize=0, sendBufferSize=0}, heartbeatSocketSettings=SocketSettings{connectTimeoutMS=10000, readTimeoutMS=10000, receiveBufferSize=0, sendBufferSize=0}, connectionPoolSettings=ConnectionPoolSettings{maxSize=100, minSize=0, maxWaitTimeMS=120000, maxConnectionLifeTimeMS=0, maxConnectionIdleTimeMS=0, maintenanceInitialDelayMS=0, maintenanceFrequencyMS=60000, connectionPoolListeners=[io.micrometer.core.instrument.binder.mongodb.MongoMetricsConnectionPoolListener@130cfc47], maxConnecting=2}, serverSettings=ServerSettings{heartbeatFrequencyMS=10000, minHeartbeatFrequencyMS=500, serverListeners='[]', serverMonitorListeners='[]'}, sslSettings=SslSettings{enabled=true, invalidHostNameAllowed=false, context=null}, applicationName='null', compressorList=[], uuidRepresentation=JAVA_LEGACY, serverApi=null, autoEncryptionSettings=null, contextProvider=null}
2022-12-27T02:58:11.903+10:00  INFO 29994 --- [cluster-ClusterId{value='63a9d2a34883b435f98c8736', description='null'}-srv-cluster-1.0nqvgu2.mongodb.net] org.mongodb.driver.cluster               : Adding discovered server ac-qdoa5md-shard-00-00.0nqvgu2.mongodb.net:27017 to client view of cluster
2022-12-27T02:58:11.917+10:00  INFO 29994 --- [cluster-ClusterId{value='63a9d2a34883b435f98c8736', description='null'}-srv-cluster-1.0nqvgu2.mongodb.net] org.mongodb.driver.cluster               : Adding discovered server ac-qdoa5md-shard-00-02.0nqvgu2.mongodb.net:27017 to client view of cluster
2022-12-27T02:58:11.918+10:00  INFO 29994 --- [cluster-ClusterId{value='63a9d2a34883b435f98c8736', description='null'}-srv-cluster-1.0nqvgu2.mongodb.net] org.mongodb.driver.cluster               : Adding discovered server ac-qdoa5md-shard-00-01.0nqvgu2.mongodb.net:27017 to client view of cluster
2022-12-27T02:58:12.014+10:00  INFO 29994 --- [main] o.s.b.a.e.web.EndpointLinksResolver      : Exposing 1 endpoint(s) beneath base path '/actuator'
2022-12-27T02:58:12.267+10:00  INFO 29994 --- [cluster-ClusterId{value='63a9d2a34883b435f98c8736', description='null'}-ac-qdoa5md-shard-00-02.0nqvgu2.mongodb.net:27017] org.mongodb.driver.cluster               : Monitor thread successfully connected to server with description ServerDescription{address=ac-qdoa5md-shard-00-02.0nqvgu2.mongodb.net:27017, type=REPLICA_SET_PRIMARY, state=CONNECTED, ok=true, minWireVersion=0, maxWireVersion=13, maxDocumentSize=16777216, logicalSessionTimeoutMinutes=30, roundTripTimeNanos=139725916, setName='atlas-9rc71x-shard-0', canonicalAddress=ac-qdoa5md-shard-00-02.0nqvgu2.mongodb.net:27017, hosts=[ac-qdoa5md-shard-00-01.0nqvgu2.mongodb.net:27017, ac-qdoa5md-shard-00-02.0nqvgu2.mongodb.net:27017, ac-qdoa5md-shard-00-00.0nqvgu2.mongodb.net:27017], passives=[], arbiters=[], primary='ac-qdoa5md-shard-00-02.0nqvgu2.mongodb.net:27017', tagSet=TagSet{[Tag{name='nodeType', value='ELECTABLE'}, Tag{name='provider', value='AWS'}, Tag{name='region', value='AP_SOUTHEAST_2'}, Tag{name='workloadType', value='OPERATIONAL'}]}, electionId=7fffffff0000000000000056, setVersion=7, topologyVersion=TopologyVersion{processId=637bddcac20996e771c03241, counter=6}, lastWriteDate=Tue Dec 27 02:58:12 AEST 2022, lastUpdateTimeNanos=509642923648375}
2022-12-27T02:58:12.269+10:00  INFO 29994 --- [cluster-ClusterId{value='63a9d2a34883b435f98c8736', description='null'}-ac-qdoa5md-shard-00-02.0nqvgu2.mongodb.net:27017] org.mongodb.driver.cluster               : Discovered replica set primary ac-qdoa5md-shard-00-02.0nqvgu2.mongodb.net:27017 with max election id 7fffffff0000000000000056 and max set version 7
2022-12-27T02:58:12.277+10:00  INFO 29994 --- [cluster-ClusterId{value='63a9d2a34883b435f98c8736', description='null'}-ac-qdoa5md-shard-00-00.0nqvgu2.mongodb.net:27017] org.mongodb.driver.cluster               : Monitor thread successfully connected to server with description ServerDescription{address=ac-qdoa5md-shard-00-00.0nqvgu2.mongodb.net:27017, type=REPLICA_SET_SECONDARY, state=CONNECTED, ok=true, minWireVersion=0, maxWireVersion=13, maxDocumentSize=16777216, logicalSessionTimeoutMinutes=30, roundTripTimeNanos=81793583, setName='atlas-9rc71x-shard-0', canonicalAddress=ac-qdoa5md-shard-00-00.0nqvgu2.mongodb.net:27017, hosts=[ac-qdoa5md-shard-00-01.0nqvgu2.mongodb.net:27017, ac-qdoa5md-shard-00-02.0nqvgu2.mongodb.net:27017, ac-qdoa5md-shard-00-00.0nqvgu2.mongodb.net:27017], passives=[], arbiters=[], primary='ac-qdoa5md-shard-00-02.0nqvgu2.mongodb.net:27017', tagSet=TagSet{[Tag{name='nodeType', value='ELECTABLE'}, Tag{name='provider', value='AWS'}, Tag{name='region', value='AP_SOUTHEAST_2'}, Tag{name='workloadType', value='OPERATIONAL'}]}, electionId=null, setVersion=7, topologyVersion=TopologyVersion{processId=637bdc717fad65cabd5e28ae, counter=5}, lastWriteDate=Tue Dec 27 02:58:12 AEST 2022, lastUpdateTimeNanos=509642933558416}
2022-12-27T02:58:12.519+10:00  INFO 29994 --- [cluster-ClusterId{value='63a9d2a34883b435f98c8736', description='null'}-ac-qdoa5md-shard-00-01.0nqvgu2.mongodb.net:27017] org.mongodb.driver.cluster               : Monitor thread successfully connected to server with description ServerDescription{address=ac-qdoa5md-shard-00-01.0nqvgu2.mongodb.net:27017, type=REPLICA_SET_SECONDARY, state=CONNECTED, ok=true, minWireVersion=0, maxWireVersion=13, maxDocumentSize=16777216, logicalSessionTimeoutMinutes=30, roundTripTimeNanos=91868292, setName='atlas-9rc71x-shard-0', canonicalAddress=ac-qdoa5md-shard-00-01.0nqvgu2.mongodb.net:27017, hosts=[ac-qdoa5md-shard-00-01.0nqvgu2.mongodb.net:27017, ac-qdoa5md-shard-00-02.0nqvgu2.mongodb.net:27017, ac-qdoa5md-shard-00-00.0nqvgu2.mongodb.net:27017], passives=[], arbiters=[], primary='ac-qdoa5md-shard-00-02.0nqvgu2.mongodb.net:27017', tagSet=TagSet{[Tag{name='nodeType', value='ELECTABLE'}, Tag{name='provider', value='AWS'}, Tag{name='region', value='AP_SOUTHEAST_2'}, Tag{name='workloadType', value='OPERATIONAL'}]}, electionId=null, setVersion=7, topologyVersion=TopologyVersion{processId=637bdf250b281ae46cfb3a13, counter=3}, lastWriteDate=Tue Dec 27 02:58:12 AEST 2022, lastUpdateTimeNanos=509643176280958}
2022-12-27T02:58:12.559+10:00  INFO 29994 --- [main] o.s.s.web.DefaultSecurityFilterChain     : Will secure any request with [org.springframework.security.web.session.DisableEncodeUrlFilter@71beada8, org.springframework.security.web.context.request.async.WebAsyncManagerIntegrationFilter@17f41739, org.springframework.security.web.context.SecurityContextHolderFilter@b56c222, org.springframework.security.web.header.HeaderWriterFilter@197d5a87, org.springframework.web.filter.CorsFilter@2b3b1124, org.springframework.security.web.authentication.logout.LogoutFilter@24de63b, com.microtimemanagement.apiservice.filter.MtmSessionFilter@2c2a903f, org.springframework.security.web.savedrequest.RequestCacheAwareFilter@4df7b4ac, org.springframework.security.web.servletapi.SecurityContextHolderAwareRequestFilter@294c44b7, org.springframework.security.web.authentication.AnonymousAuthenticationFilter@54286339, org.springframework.security.web.session.SessionManagementFilter@152891f8, org.springframework.security.web.access.ExceptionTranslationFilter@79617c3d, org.springframework.security.web.access.intercept.AuthorizationFilter@d6d683e]
2022-12-27T02:58:12.721+10:00  INFO 29994 --- [main] o.s.b.w.embedded.tomcat.TomcatWebServer  : Tomcat started on port(s): 8080 (http) with context path '/mtm'
2022-12-27T02:58:12.730+10:00  INFO 29994 --- [main] c.m.apiservice.ApiServiceApplication     : Started ApiServiceApplication in 4.167 seconds (process running for 4.609)
2022-12-27T02:58:13.735+10:00  INFO 29994 --- [http-nio-8080-exec-1] o.a.c.c.C.[Tomcat].[localhost].[/mtm]    : Initializing Spring DispatcherServlet 'dispatcherServlet'
2022-12-27T02:58:13.735+10:00  INFO 29994 --- [http-nio-8080-exec-1] o.s.web.servlet.DispatcherServlet        : Initializing Servlet 'dispatcherServlet'
2022-12-27T02:58:13.737+10:00  INFO 29994 --- [http-nio-8080-exec-1] o.s.web.servlet.DispatcherServlet        : Completed initialization in 2 ms
2022-12-27T02:58:13.821+10:00  INFO 29994 --- [http-nio-8080-exec-1] c.m.apiservice.utils.JwtUtils            : Parsed claims: header={alg=HS512},body={authorities=[ROLE_MTM_USER], sub=string, iat=1672071124, exp=1672157524},signature=_AyDfH-Lr1XbkjV3nGIMhFkpziB8mBJqEnm8dsXAZOT-pUs6475unBpiM1cVBU7vT7lcUim1jY0mX0A4X_1HWg
2022-12-27T02:58:13.843+10:00  INFO 29994 --- [http-nio-8080-exec-1] croTimeManagementAuthenticationException : MicroTimeManagementBadRequestException: Invalid session token.
2022-12-27T03:00:44.624+10:00  INFO 30002 --- [main] c.m.apiservice.ApiServiceApplication     : Starting ApiServiceApplication using Java 17.0.5 with PID 30002 (/Users/vishal.dogra/Documents/Projects/MicroTimeManagement/backend/api-service/target/classes started by vishal.dogra in /Users/vishal.dogra/Documents/Projects/MicroTimeManagement/backend/api-service)
2022-12-27T03:00:44.626+10:00  INFO 30002 --- [main] c.m.apiservice.ApiServiceApplication     : No active profile set, falling back to 1 default profile: "default"
2022-12-27T03:00:45.156+10:00  INFO 30002 --- [main] .s.d.r.c.RepositoryConfigurationDelegate : Bootstrapping Spring Data MongoDB repositories in DEFAULT mode.
2022-12-27T03:00:45.188+10:00  INFO 30002 --- [main] .s.d.r.c.RepositoryConfigurationDelegate : Finished Spring Data repository scanning in 30 ms. Found 4 MongoDB repository interfaces.
2022-12-27T03:00:45.287+10:00  INFO 30002 --- [main] trationDelegate$BeanPostProcessorChecker : Bean 'authorityDefaults' of type [org.springframework.security.config.core.GrantedAuthorityDefaults] is not eligible for getting processed by all BeanPostProcessors (for example: not eligible for auto-proxying)
2022-12-27T03:00:45.435+10:00  INFO 30002 --- [main] o.s.b.w.embedded.tomcat.TomcatWebServer  : Tomcat initialized with port(s): 8080 (http)
2022-12-27T03:00:45.440+10:00  INFO 30002 --- [main] o.apache.catalina.core.StandardService   : Starting service [Tomcat]
2022-12-27T03:00:45.441+10:00  INFO 30002 --- [main] o.apache.catalina.core.StandardEngine    : Starting Servlet engine: [Apache Tomcat/10.1.1]
2022-12-27T03:00:45.480+10:00  INFO 30002 --- [main] o.a.c.c.C.[Tomcat].[localhost].[/mtm]    : Initializing Spring embedded WebApplicationContext
2022-12-27T03:00:45.481+10:00  INFO 30002 --- [main] w.s.c.ServletWebServerApplicationContext : Root WebApplicationContext: initialization completed in 804 ms
2022-12-27T03:00:45.852+10:00  INFO 30002 --- [main] org.mongodb.driver.client                : MongoClient with metadata {"driver": {"name": "mongo-java-driver|sync|spring-boot", "version": "4.8.0"}, "os": {"type": "Darwin", "name": "Mac OS X", "architecture": "aarch64", "version": "13.0.1"}, "platform": "Java/Azul Systems, Inc./17.0.5+8-LTS"} created with settings MongoClientSettings{readPreference=primary, writeConcern=WriteConcern{w=majority, wTimeout=null ms, journal=null}, retryWrites=true, retryReads=true, readConcern=ReadConcern{level=null}, credential=MongoCredential{mechanism=null, userName='spring_micro_time_manager', source='admin', password=<hidden>, mechanismProperties=<hidden>}, streamFactoryFactory=null, commandListeners=[io.micrometer.core.instrument.binder.mongodb.MongoMetricsCommandListener@3002e397], codecRegistry=ProvidersCodecRegistry{codecProviders=[ValueCodecProvider{}, BsonValueCodecProvider{}, DBRefCodecProvider{}, DBObjectCodecProvider{}, DocumentCodecProvider{}, CollectionCodecProvider{}, IterableCodecProvider{}, MapCodecProvider{}, GeoJsonCodecProvider{}, GridFSFileCodecProvider{}, Jsr310CodecProvider{}, JsonObjectCodecProvider{}, BsonCodecProvider{}, EnumCodecProvider{}, com.mongodb.Jep395RecordCodecProvider@7da1e005]}, clusterSettings={hosts=[127.0.0.1:27017], srvHost=cluster-1.0nqvgu2.mongodb.net, srvServiceName=mongodb, mode=MULTIPLE, requiredClusterType=REPLICA_SET, requiredReplicaSetName='atlas-9rc71x-shard-0', serverSelector='null', clusterListeners='[]', serverSelectionTimeout='30000 ms', localThreshold='30000 ms'}, socketSettings=SocketSettings{connectTimeoutMS=10000, readTimeoutMS=0, receiveBufferSize=0, sendBufferSize=0}, heartbeatSocketSettings=SocketSettings{connectTimeoutMS=10000, readTimeoutMS=10000, receiveBufferSize=0, sendBufferSize=0}, connectionPoolSettings=ConnectionPoolSettings{maxSize=100, minSize=0, maxWaitTimeMS=120000, maxConnectionLifeTimeMS=0, maxConnectionIdleTimeMS=0, maintenanceInitialDelayMS=0, maintenanceFrequencyMS=60000, connectionPoolListeners=[io.micrometer.core.instrument.binder.mongodb.MongoMetricsConnectionPoolListener@38159384], maxConnecting=2}, serverSettings=ServerSettings{heartbeatFrequencyMS=10000, minHeartbeatFrequencyMS=500, serverListeners='[]', serverMonitorListeners='[]'}, sslSettings=SslSettings{enabled=true, invalidHostNameAllowed=false, context=null}, applicationName='null', compressorList=[], uuidRepresentation=JAVA_LEGACY, serverApi=null, autoEncryptionSettings=null, contextProvider=null}
2022-12-27T03:00:46.200+10:00  INFO 30002 --- [main] o.s.b.a.e.web.EndpointLinksResolver      : Exposing 1 endpoint(s) beneath base path '/actuator'
2022-12-27T03:00:46.331+10:00  INFO 30002 --- [cluster-ClusterId{value='63a9d33d9a9dae0c3d1faab3', description='null'}-srv-cluster-1.0nqvgu2.mongodb.net] org.mongodb.driver.cluster               : Adding discovered server ac-qdoa5md-shard-00-00.0nqvgu2.mongodb.net:27017 to client view of cluster
2022-12-27T03:00:46.409+10:00  INFO 30002 --- [cluster-ClusterId{value='63a9d33d9a9dae0c3d1faab3', description='null'}-srv-cluster-1.0nqvgu2.mongodb.net] org.mongodb.driver.cluster               : Adding discovered server ac-qdoa5md-shard-00-02.0nqvgu2.mongodb.net:27017 to client view of cluster
2022-12-27T03:00:46.412+10:00  INFO 30002 --- [cluster-ClusterId{value='63a9d33d9a9dae0c3d1faab3', description='null'}-srv-cluster-1.0nqvgu2.mongodb.net] org.mongodb.driver.cluster               : Adding discovered server ac-qdoa5md-shard-00-01.0nqvgu2.mongodb.net:27017 to client view of cluster
2022-12-27T03:00:46.828+10:00  INFO 30002 --- [cluster-ClusterId{value='63a9d33d9a9dae0c3d1faab3', description='null'}-ac-qdoa5md-shard-00-00.0nqvgu2.mongodb.net:27017] org.mongodb.driver.cluster               : Monitor thread successfully connected to server with description ServerDescription{address=ac-qdoa5md-shard-00-00.0nqvgu2.mongodb.net:27017, type=REPLICA_SET_SECONDARY, state=CONNECTED, ok=true, minWireVersion=0, maxWireVersion=13, maxDocumentSize=16777216, logicalSessionTimeoutMinutes=30, roundTripTimeNanos=134211750, setName='atlas-9rc71x-shard-0', canonicalAddress=ac-qdoa5md-shard-00-00.0nqvgu2.mongodb.net:27017, hosts=[ac-qdoa5md-shard-00-01.0nqvgu2.mongodb.net:27017, ac-qdoa5md-shard-00-02.0nqvgu2.mongodb.net:27017, ac-qdoa5md-shard-00-00.0nqvgu2.mongodb.net:27017], passives=[], arbiters=[], primary='ac-qdoa5md-shard-00-02.0nqvgu2.mongodb.net:27017', tagSet=TagSet{[Tag{name='nodeType', value='ELECTABLE'}, Tag{name='provider', value='AWS'}, Tag{name='region', value='AP_SOUTHEAST_2'}, Tag{name='workloadType', value='OPERATIONAL'}]}, electionId=null, setVersion=7, topologyVersion=TopologyVersion{processId=637bdc717fad65cabd5e28ae, counter=5}, lastWriteDate=Tue Dec 27 03:00:47 AEST 2022, lastUpdateTimeNanos=509797484104375}
2022-12-27T03:00:46.829+10:00  INFO 30002 --- [cluster-ClusterId{value='63a9d33d9a9dae0c3d1faab3', description='null'}-ac-qdoa5md-shard-00-01.0nqvgu2.mongodb.net:27017] org.mongodb.driver.cluster               : Monitor thread successfully connected to server with description ServerDescription{address=ac-qdoa5md-shard-00-01.0nqvgu2.mongodb.net:27017, type=REPLICA_SET_SECONDARY, state=CONNECTED, ok=true, minWireVersion=0, maxWireVersion=13, maxDocumentSize=16777216, logicalSessionTimeoutMinutes=30, roundTripTimeNanos=180023000, setName='atlas-9rc71x-shard-0', canonicalAddress=ac-qdoa5md-shard-00-01.0nqvgu2.mongodb.net:27017, hosts=[ac-qdoa5md-shard-00-01.0nqvgu2.mongodb.net:27017, ac-qdoa5md-shard-00-02.0nqvgu2.mongodb.net:27017, ac-qdoa5md-shard-00-00.0nqvgu2.mongodb.net:27017], passives=[], arbiters=[], primary='ac-qdoa5md-shard-00-02.0nqvgu2.mongodb.net:27017', tagSet=TagSet{[Tag{name='nodeType', value='ELECTABLE'}, Tag{name='provider', value='AWS'}, Tag{name='region', value='AP_SOUTHEAST_2'}, Tag{name='workloadType', value='OPERATIONAL'}]}, electionId=null, setVersion=7, topologyVersion=TopologyVersion{processId=637bdf250b281ae46cfb3a13, counter=3}, lastWriteDate=Tue Dec 27 03:00:47 AEST 2022, lastUpdateTimeNanos=509797484351541}
2022-12-27T03:00:46.847+10:00  INFO 30002 --- [cluster-ClusterId{value='63a9d33d9a9dae0c3d1faab3', description='null'}-ac-qdoa5md-shard-00-02.0nqvgu2.mongodb.net:27017] org.mongodb.driver.cluster               : Monitor thread successfully connected to server with description ServerDescription{address=ac-qdoa5md-shard-00-02.0nqvgu2.mongodb.net:27017, type=REPLICA_SET_PRIMARY, state=CONNECTED, ok=true, minWireVersion=0, maxWireVersion=13, maxDocumentSize=16777216, logicalSessionTimeoutMinutes=30, roundTripTimeNanos=111445375, setName='atlas-9rc71x-shard-0', canonicalAddress=ac-qdoa5md-shard-00-02.0nqvgu2.mongodb.net:27017, hosts=[ac-qdoa5md-shard-00-01.0nqvgu2.mongodb.net:27017, ac-qdoa5md-shard-00-02.0nqvgu2.mongodb.net:27017, ac-qdoa5md-shard-00-00.0nqvgu2.mongodb.net:27017], passives=[], arbiters=[], primary='ac-qdoa5md-shard-00-02.0nqvgu2.mongodb.net:27017', tagSet=TagSet{[Tag{name='nodeType', value='ELECTABLE'}, Tag{name='provider', value='AWS'}, Tag{name='region', value='AP_SOUTHEAST_2'}, Tag{name='workloadType', value='OPERATIONAL'}]}, electionId=7fffffff0000000000000056, setVersion=7, topologyVersion=TopologyVersion{processId=637bddcac20996e771c03241, counter=6}, lastWriteDate=Tue Dec 27 03:00:47 AEST 2022, lastUpdateTimeNanos=509797502866000}
2022-12-27T03:00:46.848+10:00  INFO 30002 --- [cluster-ClusterId{value='63a9d33d9a9dae0c3d1faab3', description='null'}-ac-qdoa5md-shard-00-02.0nqvgu2.mongodb.net:27017] org.mongodb.driver.cluster               : Discovered replica set primary ac-qdoa5md-shard-00-02.0nqvgu2.mongodb.net:27017 with max election id 7fffffff0000000000000056 and max set version 7
2022-12-27T03:00:47.164+10:00  INFO 30002 --- [main] o.s.s.web.DefaultSecurityFilterChain     : Will secure any request with [org.springframework.security.web.session.DisableEncodeUrlFilter@d6d683e, org.springframework.security.web.context.request.async.WebAsyncManagerIntegrationFilter@42cfd794, org.springframework.security.web.context.SecurityContextHolderFilter@152891f8, org.springframework.security.web.header.HeaderWriterFilter@638d2ce3, org.springframework.web.filter.CorsFilter@43778371, org.springframework.security.web.authentication.logout.LogoutFilter@19d3f6ad, com.microtimemanagement.apiservice.filter.MtmSessionFilter@43d3995f, org.springframework.security.web.savedrequest.RequestCacheAwareFilter@15a484a9, org.springframework.security.web.servletapi.SecurityContextHolderAwareRequestFilter@41bd6a0f, org.springframework.security.web.authentication.AnonymousAuthenticationFilter@71beada8, org.springframework.security.web.session.SessionManagementFilter@9d3a7a1, org.springframework.security.web.access.ExceptionTranslationFilter@1f75fd1d, org.springframework.security.web.access.intercept.AuthorizationFilter@54f373d4]
2022-12-27T03:00:47.409+10:00  INFO 30002 --- [main] o.s.b.w.embedded.tomcat.TomcatWebServer  : Tomcat started on port(s): 8080 (http) with context path '/mtm'
2022-12-27T03:00:47.419+10:00  INFO 30002 --- [main] c.m.apiservice.ApiServiceApplication     : Started ApiServiceApplication in 3.07 seconds (process running for 3.577)
2022-12-27T03:00:48.584+10:00  INFO 30002 --- [http-nio-8080-exec-1] o.a.c.c.C.[Tomcat].[localhost].[/mtm]    : Initializing Spring DispatcherServlet 'dispatcherServlet'
2022-12-27T03:00:48.587+10:00  INFO 30002 --- [http-nio-8080-exec-1] o.s.web.servlet.DispatcherServlet        : Initializing Servlet 'dispatcherServlet'
2022-12-27T03:00:48.607+10:00  INFO 30002 --- [http-nio-8080-exec-1] o.s.web.servlet.DispatcherServlet        : Completed initialization in 18 ms
2022-12-27T03:00:48.770+10:00  INFO 30002 --- [http-nio-8080-exec-1] c.m.apiservice.utils.JwtUtils            : Parsed claims: header={alg=HS512},body={authorities=[ROLE_MTM_USER], sub=string, iat=1672071124, exp=1672157524},signature=_AyDfH-Lr1XbkjV3nGIMhFkpziB8mBJqEnm8dsXAZOT-pUs6475unBpiM1cVBU7vT7lcUim1jY0mX0A4X_1HWg
2022-12-27T03:00:48.796+10:00  INFO 30002 --- [http-nio-8080-exec-1] croTimeManagementAuthenticationException : MicroTimeManagementBadRequestException: Invalid session token.
